date,value,precip,windmax,windmaxdir,rhhi,temphi,templo,avgtemp
2023-05-01,25386966.0,0.0,16.32951,198.1055,43.099179,27.86317,12.56078,20.21
2023-05-02,23861797.0,0.0,18.88214,344.0209,55.510489,26.8581,16.28745,21.57
2023-05-03,26267232.0,43.74,14.81437,295.8775,84.472275,25.15232,15.83241,20.49
2023-05-04,29788482.0,101.32,12.89776,216.7233,97.167392,20.79052,14.89857,17.84
2023-05-05,31251415.0,16.22,16.55194,191.7546,74.619745,17.86589,13.16882,15.52
2023-05-06,30900396.0,0.0,18.87143,195.6747,54.947283,20.12052,12.38778,16.25
2023-05-07,30855604.0,0.0,13.57137,211.0557,48.272932,22.03626,11.43984,16.74
2023-05-08,31778689.0,0.0,8.26167,151.9101,48.393587,23.55871,10.64834,17.1
2023-05-09,32288018.0,0.0,8.31258,230.822,51.972712,24.8609,12.12921,18.5
2023-05-10,32707611.0,0.0,5.44822,179.4217,53.976633,24.36533,14.16546,19.27
2023-05-11,32861605.0,0.0,8.34242,139.2273,50.195778,25.5838,14.34697,19.97
2023-05-12,32991930.0,5.73,14.42002,41.765,56.00545,26.60001,14.36607,20.48
2023-05-13,32732110.0,18.09,10.11459,203.5702,62.688538,27.06962,15.00891,21.04
2023-05-14,31980881.0,21.7,13.17558,150.3433,60.544954,29.59975,15.65731,22.63
2023-05-15,32932571.0,0.0,15.48128,14.7478,56.423671,32.96229,18.60146,25.78
2023-05-16,33585051.0,0.0,20.71646,55.0385,54.213441,33.21627,21.68369,27.45
2023-05-17,34095770.0,0.0,15.34554,240.5405,70.489074,31.74762,17.99255,24.87
2023-05-18,34967183.0,3.67,10.04197,249.031,81.639654,29.14219,16.37664,22.76
2023-05-19,33807488.0,0.0,13.37534,175.4442,66.683173,28.20431,16.22227,22.21
2023-05-20,33605348.0,56.77,14.04535,189.156,55.331665,28.2408,17.28822,22.76
2023-05-21,32762441.0,24.0,12.08127,159.8646,56.939266,25.57123,15.13954,20.36
2023-05-22,32883965.0,0.0,8.53693,122.9362,52.584865,25.13038,13.53673,19.33
2023-05-23,33166790.0,0.0,9.04949,24.8723,45.532683,28.01137,14.54849,21.28
2023-05-24,33155235.0,0.0,16.23581,80.5209,51.797958,28.00404,16.91062,22.46
2023-05-25,33279421.0,14.78,15.19992,213.8481,72.55967,25.04536,14.94063,19.99
2023-05-26,33916258.0,26.94,10.50855,302.9856,77.921163,25.58388,15.52337,20.55
2023-05-27,33621624.0,90.43,10.30661,235.9896,92.449092,24.15852,17.98971,21.07
2023-05-28,32910832.0,101.32,9.449,216.4377,94.821947,21.47218,17.69158,19.58
2023-05-29,32555020.0,64.15,9.10098,218.4146,82.520479,24.19295,17.52292,20.86
2023-05-30,33279637.0,44.87,7.77248,224.5635,80.389182,24.23618,16.67839,20.46
2023-05-31,32538885.0,0.0,7.20272,237.0316,72.443559,28.0836,15.9158,22.0
2023-06-01,32494974.0,0.0,10.799,88.1282,64.615337,30.86395,18.86664,24.87
2023-06-02,32928660.0,0.0,12.05463,188.7247,61.336421,29.70812,16.11577,22.91
2023-06-03,32500339.0,0.0,8.88499,83.6767,49.970701,29.69952,15.47732,22.59
2023-06-04,31294264.0,31.95,12.24441,43.0012,67.152731,29.36374,17.9806,23.67
2023-06-05,32145867.0,0.0,12.4509,104.3377,67.063063,29.47031,17.04462,23.26
2023-06-06,32655653.0,0.0,11.4759,63.7946,57.192547,31.86589,18.2239,25.04
2023-06-07,33158369.0,13.05,16.37041,37.2298,54.566875,34.27055,21.12714,27.7
2023-06-08,32922543.0,0.0,11.73603,166.2009,41.552702,34.25424,21.20462,27.73
2023-06-09,32740763.0,0.0,11.44748,159.4904,42.966457,35.22993,19.83859,27.53
2023-06-10,32706799.0,15.42,11.25243,260.6434,53.881463,34.30525,18.88354,26.59
2023-06-11,31619662.0,40.26,8.15554,243.9609,62.098458,31.21129,17.71889,24.47
2023-06-12,32632491.0,60.15,6.98519,192.6034,67.377884,31.09848,18.53737,24.82
2023-06-13,33082485.0,7.08,7.68199,210.5938,61.951545,29.64764,18.76834,24.21
2023-06-14,32917487.0,0.0,7.60069,270.8202,53.627077,31.93757,18.19374,25.07
2023-06-15,33223093.0,0.0,11.35273,196.7671,51.275372,35.20039,20.76811,27.98
2023-06-16,33053172.0,0.0,12.2339,277.8724,56.73554,34.40039,22.94987,28.68
2023-06-17,33757670.0,7.7,11.78885,313.0902,70.274945,29.56525,22.86006,26.21
2023-06-18,32513033.0,7.7,11.57366,308.1166,71.066983,28.73177,20.8779,24.8
2023-06-19,34235094.0,95.59,9.13849,258.2719,87.339713,24.5436,20.8175,22.68
2023-06-20,33428989.0,19.58,7.80137,160.0333,71.472569,30.94979,19.80045,25.38
2023-06-21,32658353.0,0.0,7.85049,109.4368,51.410543,33.86648,21.26123,27.56
2023-06-22,29596618.0,0.0,8.33704,101.6585,43.783844,37.28038,21.96564,29.62
2023-06-23,30925956.0,0.0,10.49917,248.6059,47.265787,37.478,23.53866,30.51
2023-06-24,32122320.0,0.0,12.74526,313.6417,55.963311,37.30689,22.47503,29.89
2023-06-25,33904521.0,83.57,13.98763,273.9529,81.101645,33.10287,21.51092,27.31
2023-06-26,34406908.0,71.63,8.88926,58.8163,69.967506,30.64364,21.60873,26.13
2023-06-27,35067164.0,45.12,13.89552,32.0247,67.985591,33.78824,22.35691,28.07
2023-06-28,35025914.0,101.32,12.32744,93.6411,82.024463,33.57263,23.57218,28.57
2023-06-29,35121706.0,71.86,11.57193,195.315,80.491675,32.15691,21.96573,27.06
2023-06-30,33864426.0,0.0,6.74765,230.3945,64.46715,33.34743,20.92837,27.14
2023-07-01,33676053.0,0.0,9.91519,340.8155,64.555944,33.91215,22.71126,28.31
2023-07-02,34125180.0,20.86,10.01513,310.7768,74.418956,33.42335,24.92079,29.17
2023-07-03,35718896.0,57.37,8.55068,288.5591,85.981268,31.78093,24.50523,28.14
2023-07-04,36667468.0,101.32,13.8994,76.3214,82.184101,30.63431,22.43417,26.53
2023-07-05,34789469.0,0.0,16.44315,37.4553,52.35249,36.30789,21.89661,29.1
2023-07-06,35892576.0,0.0,18.8395,22.235,68.465574,35.93733,25.45754,30.7
2023-07-07,36349805.0,0.0,14.74478,146.2352,71.475675,34.91136,23.92855,29.42
2023-07-08,35904647.0,22.58,9.34029,109.935,70.430685,36.03652,24.22595,30.13
2023-07-09,34475098.0,18.49,8.5716,103.5988,65.348712,36.61746,25.15679,30.89
2023-07-10,35816364.0,48.88,11.50442,319.0498,74.703337,35.95476,25.06413,30.51
2023-07-11,36139864.0,97.65,9.91373,273.9824,82.124741,34.93271,24.66866,29.8
2023-07-12,37545547.0,97.65,9.4607,265.5461,94.214216,31.7155,24.68508,28.2
2023-07-13,37098016.0,95.86,11.49984,95.9509,88.761063,30.82805,25.09302,27.96
2023-07-14,36419234.0,0.0,11.45133,69.5247,67.408931,34.01585,25.53484,29.78
2023-07-15,36158266.0,0.0,11.39412,166.2396,63.945735,33.84016,23.29411,28.57
2023-07-16,34310001.0,0.0,6.9301,255.7544,64.605857,33.12839,21.93148,27.53
2023-07-17,35566980.0,0.0,8.47282,288.5226,67.492095,32.40632,21.88213,27.14
2023-07-18,35881759.0,10.89,7.39865,290.9283,72.19874,32.25357,22.79251,27.52
2023-07-19,36321933.0,2.89,7.62898,210.9819,71.952542,32.98609,23.97925,28.48
2023-07-20,36496855.0,27.35,9.88615,327.485,75.572115,32.40389,24.6,28.5
2023-07-21,36997786.0,58.02,12.00147,309.7834,85.801968,31.72197,23.92593,27.82
2023-07-22,36777457.0,101.32,8.32363,76.058,87.403479,30.97768,24.28467,27.63
2023-07-23,35201348.0,52.28,6.36308,143.0274,82.758137,32.437,23.51955,27.98
2023-07-24,35388179.0,0.0,6.64388,332.9461,76.487329,33.82166,23.5359,28.68
2023-07-25,35988003.0,57.23,8.27704,333.6059,78.217424,33.98814,24.62118,29.3
2023-07-26,36286846.0,91.09,9.13069,326.3597,82.208951,32.5715,24.62107,28.6
2023-07-27,35998001.0,46.97,10.38507,322.3606,80.312573,33.03551,24.29834,28.67
2023-07-28,36550931.0,101.32,12.14246,301.3176,85.742465,32.31739,25.62097,28.97
2023-07-29,36424660.0,101.32,17.03857,298.7514,90.5066,31.3078,25.54265,28.43
2023-07-30,35012284.0,81.74,19.39472,318.9261,89.901287,30.75108,25.63963,28.2
2023-07-31,35130652.0,81.74,15.53416,323.3365,85.714322,32.22231,25.78148,29.0
2023-08-01,34610806.0,0.0,12.64455,325.2491,83.575641,32.49423,25.85813,29.18
2023-08-02,34867387.0,7.7,11.44148,327.4827,85.615899,33.12472,25.78762,29.46
2023-08-03,34983378.0,2.89,13.73449,329.8109,84.18524,34.12896,27.20435,30.67
2023-08-04,35604464.0,16.78,12.10568,332.5466,75.721428,34.63091,27.63083,31.13
2023-08-05,35939614.0,73.34,8.56,335.4617,86.265997,34.63181,26.14397,30.39
2023-08-06,34529768.0,89.3,13.14271,338.5111,82.995903,32.51138,23.19025,27.85
2023-08-07,35138088.0,0.0,11.98082,341.8627,85.006028,30.24176,22.17047,26.21
2023-08-08,36329609.0,0.0,8.10392,345.6099,79.472776,31.0985,22.96225,27.03
2023-08-09,36362565.0,0.0,9.39918,280.285,75.493896,32.41421,23.22433,27.82
2023-08-10,36569759.0,0.0,11.79312,199.7076,70.499789,32.62716,23.35023,27.99
2023-08-11,36811838.0,0.0,10.26511,187.7465,68.81843,33.52574,23.44904,28.49
2023-08-12,37976858.0,76.23,11.77043,66.0293,81.994165,33.04931,24.07844,28.56
2023-08-13,36349457.0,46.97,10.30749,231.9422,80.37121,31.68955,23.30157,27.5
2023-08-14,36397154.0,0.0,7.95495,301.409,75.359022,31.81382,22.71745,27.27
2023-08-15,36882745.0,0.0,6.02481,289.6385,73.666915,32.56223,23.50939,28.04
2023-08-16,36776430.0,0.0,6.70746,285.6976,70.19498,33.65257,23.90444,28.78
2023-08-17,36803411.0,0.0,5.54414,257.5761,71.219934,33.86323,24.96727,29.42
2023-08-18,37156522.0,5.46,6.29752,267.3662,75.594404,33.80401,25.57615,29.69
2023-08-19,36678660.0,34.66,7.08428,264.9413,74.547291,33.2733,25.51386,29.39
2023-08-20,35981627.0,55.88,8.2852,251.3201,78.343922,32.80197,25.20358,29.0
2023-08-21,37128549.0,101.32,7.17237,258.4367,87.45253,30.83816,23.63631,27.24
2023-08-22,36465779.0,22.97,8.74391,250.8006,77.094246,32.08208,22.33606,27.21
2023-08-23,36154775.0,0.0,8.53154,261.2561,70.416894,31.64053,21.30942,26.47
2023-08-24,36460276.0,22.35,7.21793,279.6775,74.273315,30.19875,21.69827,25.95
2023-08-25,36705035.0,5.22,7.76533,282.2009,73.977874,29.8535,21.20604,25.53
2023-08-26,37068544.0,81.74,10.39818,289.7811,77.108231,29.80282,21.05058,25.43
2023-08-27,36407691.0,101.32,14.59772,272.3326,88.96719,26.7783,19.60584,23.19
2023-08-28,36465883.0,63.88,20.52699,280.522,80.711388,25.27692,18.52665,21.9
2023-08-29,35430273.0,0.0,13.71505,279.4372,73.088158,28.18242,18.88652,23.53
2023-08-30,35014014.0,0.0,6.86931,224.243,70.740699,28.71046,18.51968,23.62
2023-08-31,35146106.0,6.56,9.37092,104.0686,72.189902,29.99183,19.3754,24.68
2023-09-01,35425239.0,6.56,6.60984,222.1557,77.122454,30.28878,21.52912,25.91
2023-09-02,35671293.0,0.0,6.82869,211.3562,74.509914,29.87498,21.06195,25.47
2023-09-03,35124177.0,0.0,7.98252,161.2336,72.241578,30.63414,21.29498,25.96
2023-09-04,36297798.0,4.91,5.98905,234.3475,72.551057,31.42959,21.46738,26.45
2023-09-05,37041876.0,0.0,7.91885,260.6129,71.778654,31.52822,21.16506,26.35
2023-09-06,37073310.0,0.0,7.55849,251.4144,74.794569,31.38391,21.04912,26.22
2023-09-07,37001463.0,0.0,6.12685,244.8381,70.620033,32.05563,20.9869,26.52
2023-09-08,37170151.0,0.0,7.7537,235.7716,69.145276,31.77858,21.58109,26.68
2023-09-09,36980901.0,18.27,8.33304,255.947,68.562276,30.99482,21.74962,26.37
2023-09-10,36471605.0,76.73,6.07563,247.7094,73.632447,29.65446,21.88866,25.77
2023-09-11,37436851.0,40.59,5.41295,135.3966,77.820206,29.8068,22.10456,25.96
2023-09-12,38011774.0,101.32,8.31706,260.5514,86.440413,28.1265,20.56374,24.35
2023-09-13,36848387.0,24.31,11.16045,267.4469,69.50612,27.96654,18.0694,23.02
2023-09-14,36024497.0,0.0,8.19259,264.3359,59.462346,29.16449,17.15704,23.16
2023-09-15,36312588.0,0.0,6.82413,244.1856,67.196551,29.07443,17.57863,23.33
2023-09-16,36304077.0,0.0,5.6417,308.5088,66.041018,29.70091,18.62715,24.16
2023-09-17,35458794.0,0.0,6.66681,125.6763,67.303411,30.44029,19.37265,24.91
2023-09-18,36859382.0,59.48,8.25407,63.413,68.788511,32.12521,22.3888,27.26
2023-09-19,38165860.0,101.32,10.01277,239.8768,89.389074,27.04479,20.46974,23.76
2023-09-20,36444590.0,22.97,17.80587,204.7837,64.49003,25.56665,18.46613,22.02
2023-09-21,36656629.0,0.0,7.32699,190.1501,59.764164,26.63517,17.24158,21.94
2023-09-22,36488601.0,0.0,6.62452,146.78,62.100222,27.61271,16.05807,21.84
2023-09-23,36518339.0,27.92,8.26689,241.5762,71.159986,24.05967,18.76581,21.41
2023-09-24,36116030.0,101.32,5.63836,247.9793,86.012367,21.47554,17.11696,19.3
2023-09-25,36099577.0,83.81,6.3171,161.3166,85.235653,22.82743,16.1693,19.5
2023-09-26,36194553.0,25.05,6.15755,97.3499,83.794306,24.63439,16.89224,20.76
2023-09-27,35261343.0,0.0,5.98194,89.7816,83.487484,24.03661,16.36366,20.2
2023-09-28,32786715.0,14.78,5.86605,216.5708,74.223479,27.01721,16.49739,21.76
2023-09-29,26143405.0,39.09,7.25553,105.5014,71.006826,25.10308,17.34119,21.22
2023-09-30,24094164.0,0.0,9.4278,165.2063,65.32272,25.26509,14.72609,20.0
2023-10-01,23219235.0,0.0,6.35755,187.4902,53.732858,25.19388,12.15107,18.67
2023-10-02,25156452.0,5.22,5.98571,150.1984,58.852215,24.55776,14.12128,19.34
2023-10-03,28013798.0,7.14,6.0717,61.0141,66.286224,25.44997,16.62271,21.04
2023-10-04,31377248.0,0.0,8.89034,178.6283,67.277969,24.95201,15.8807,20.42
2023-10-05,32757612.0,0.0,9.07676,216.198,52.604457,22.20785,13.70553,17.96
2023-10-06,34382526.0,0.0,4.89222,134.8315,58.273637,20.58415,14.34174,17.46
2023-10-07,34294062.0,0.0,4.8344,124.2767,64.463903,22.22682,14.02765,18.13
2023-10-08,33734318.0,0.0,6.86964,61.6342,63.542744,23.80428,13.61722,18.71
2023-10-09,33956821.0,0.0,9.1014,151.505,59.835898,23.96534,13.15199,18.56
2023-10-10,34729747.0,0.0,7.09785,200.8689,62.510679,22.95801,11.85968,17.41
2023-10-11,35140013.0,0.0,5.62257,234.4047,64.653664,23.62611,11.65279,17.64
2023-10-12,35710882.0,0.0,4.95141,276.2679,67.989093,22.69785,12.52619,17.61
2023-10-13,35572804.0,8.89,6.22963,65.001,70.336749,23.88979,13.30789,18.6
2023-10-14,35155095.0,12.44,7.10641,104.3189,62.861003,23.99052,11.6963,17.84
2023-10-15,33958656.0,0.0,7.45966,216.6227,60.03893,25.69087,11.30768,18.5
2023-10-16,33705281.0,0.0,8.54134,245.9496,58.839034,23.28616,11.63932,17.46
2023-10-17,33932461.0,0.0,8.93645,200.4998,63.032829,26.7154,11.93218,19.32
2023-10-18,35023352.0,16.11,10.18676,88.9754,61.10716,24.42292,16.87321,20.65
2023-10-19,35835445.0,17.17,8.98334,169.8581,53.417363,21.95278,13.37387,17.66
2023-10-20,35006838.0,0.0,11.79223,165.8169,40.04507,17.67292,8.58973,13.13
2023-10-21,34985450.0,0.0,7.3039,93.0189,46.985948,21.4894,7.05188,14.27
2023-10-22,34244331.0,0.0,8.79374,56.1173,51.88707,23.3864,10.33459,16.86
2023-10-23,34814329.0,0.0,10.80846,68.2007,52.42748,24.05275,11.44246,17.75
2023-10-24,35061225.0,0.0,9.30259,39.5515,61.142748,26.24951,13.27927,19.76
2023-10-25,35087495.0,0.0,6.80291,42.202,64.950762,28.26188,13.62048,20.94
2023-10-26,35209599.0,0.0,10.79653,209.9278,58.709135,23.61418,12.21686,17.92
2023-10-27,35192753.0,0.0,7.07809,152.6071,52.018731,23.71885,9.1965,16.46
2023-10-28,35004143.0,0.0,7.34168,144.4871,62.10612,25.15186,11.91809,18.53
2023-10-29,33512169.0,0.0,9.80992,60.8956,61.490446,25.97371,13.33971,19.66
2023-10-30,34848962.0,0.0,9.12738,61.5496,65.736511,26.06451,14.55682,20.31
2023-10-31,34025613.0,0.0,10.45545,27.8257,65.577795,27.70088,15.63855,21.67
2023-11-01,33984174.0,0.0,10.23977,30.9469,60.933236,28.52796,16.71158,22.62
2023-11-02,34400811.0,0.0,12.95558,29.1883,56.705531,28.13045,16.97535,22.55
2023-11-03,35972505.0,21.48,11.60595,212.7765,63.365482,19.29226,11.87705,15.58
2023-11-04,35850373.0,25.08,8.11474,270.4689,67.994315,19.95867,10.38329,15.17
2023-11-05,35070034.0,101.32,12.93736,200.4814,87.490506,17.29579,10.92463,14.11
2023-11-06,34754172.0,12.44,19.49661,111.9608,40.856303,12.48693,4.08141,8.28
2023-11-07,35212413.0,0.0,9.36823,263.4845,50.527878,16.34099,3.17435,9.76
2023-11-08,35185952.0,5.73,8.14888,210.3238,65.957044,19.0074,9.11118,14.06
2023-11-09,35810679.0,0.0,15.64681,190.443,62.586693,13.43074,4.56558,9.0
2023-11-10,35504737.0,38.27,12.58897,199.5383,44.175726,8.13758,2.54294,5.34
2023-11-11,35798839.0,63.53,9.17906,177.9481,64.8384,5.73681,0.6182,3.18
2023-11-12,33818769.0,19.58,11.09151,163.5731,53.959479,7.11646,-0.81102,3.15
2023-11-13,34695431.0,0.0,7.61657,134.3239,51.150953,8.3462,-1.24059,3.55
2023-11-14,35179031.0,0.0,6.73225,49.5346,58.965955,11.17572,-0.02617,5.57
2023-11-15,35678602.0,0.0,6.08364,64.5736,67.119051,12.06295,0.64075,6.35
2023-11-16,35256629.0,12.44,13.55878,119.1847,50.525982,11.21991,4.20978,7.71
2023-11-17,35301802.0,12.44,14.96498,144.3571,40.606742,8.91594,1.81613,5.37
2023-11-18,34904232.0,0.0,10.14872,80.8393,46.203507,13.48843,-0.41571,6.54
2023-11-19,33468861.0,0.0,7.36541,174.6058,63.932925,16.02894,3.08111,9.56
2023-11-20,33625727.0,0.0,9.23682,274.7408,67.347414,17.02983,3.56464,10.3
2023-11-21,34004743.0,0.0,10.42895,115.1428,75.387378,19.55673,7.6387,13.6
2023-11-22,34477876.0,12.44,8.29781,93.9191,72.062342,17.46554,6.43867,11.95
2023-11-23,34612305.0,12.44,18.62946,149.3417,38.626495,9.343,-0.69961,4.32
2023-11-24,34919644.0,12.44,8.82124,200.0521,41.274265,4.80079,-3.01387,0.89
2023-11-25,35423582.0,31.98,7.16008,306.8906,54.947371,6.70094,-1.66354,2.52
2023-11-26,34577746.0,33.86,5.33124,103.0944,77.732139,9.20201,2.66856,5.94
2023-11-27,34890634.0,0.0,8.93603,129.6774,69.520327,12.87585,1.18358,7.03
2023-11-28,34975463.0,12.44,7.85539,233.7988,49.895194,8.06753,-0.75202,3.66
2023-11-29,35124602.0,12.44,13.45517,180.4759,47.703864,4.25268,-3.19531,0.53
2023-11-30,34619568.0,12.44,8.22027,108.7106,44.188303,3.98967,-4.82635,-0.42
2023-12-01,34507393.0,12.44,7.1582,73.4743,47.747213,6.48964,-4.44106,1.02
2023-12-02,34239595.0,0.0,7.17753,85.2722,52.156566,9.58115,-2.32512,3.63
2023-12-03,32844752.0,0.0,7.25652,112.3534,57.313479,11.06283,-2.79314,4.13
2023-12-04,33396796.0,0.0,8.75989,33.3102,61.652943,14.38105,1.91837,8.15
2023-12-05,33822521.0,0.0,6.54356,23.3659,68.888504,16.26545,0.20544,8.24
2023-12-06,34088709.0,0.0,11.98178,115.3754,43.080328,12.26529,3.04463,7.65
2023-12-07,34444954.0,0.0,12.10668,44.9276,45.495094,17.79139,3.76475,10.78
2023-12-08,34571330.0,0.0,9.29322,35.5548,56.003111,20.94287,7.05629,14.0
2023-12-09,34713844.0,0.0,14.75531,229.1497,68.520978,13.55201,4.75081,9.15
2023-12-10,34275005.0,34.16,20.30268,217.5252,60.524949,5.67717,1.5439,3.61
2023-12-11,35819171.0,101.32,18.33461,187.8957,77.0152,1.9676,-2.09695,-0.06
2023-12-12,35994737.0,0.0,18.13334,202.6905,64.247008,2.59783,-3.21509,-0.31
2023-12-13,36438018.0,97.65,17.37765,237.2386,71.811943,2.38699,-1.92804,0.23
2023-12-14,36101900.0,101.32,15.24828,201.6838,85.954073,3.3664,-1.00647,1.18
2023-12-15,35718623.0,51.88,16.8819,164.2589,67.896892,-0.9853,-7.182,-4.08
2023-12-16,34935731.0,23.33,15.01597,132.3411,52.320343,-5.46221,-11.44335,-8.45
2023-12-17,33815670.0,23.33,15.01217,220.4467,39.133784,-3.74325,-12.75816,-8.25
2023-12-18,35297381.0,45.25,14.79488,247.1135,48.887714,-1.33728,-8.14805,-4.74
2023-12-19,35258107.0,28.55,13.24388,158.7773,56.965199,-0.86638,-9.45336,-5.16
2023-12-20,35018731.0,23.33,11.41809,148.1092,43.664456,-5.97715,-12.04654,-9.01
2023-12-21,34873130.0,23.33,10.50494,129.4371,39.502782,-7.0769,-13.2777,-10.18
2023-12-22,34649403.0,12.44,10.1818,117.2186,36.486743,-1.84248,-12.09531,-6.97
2023-12-23,34710492.0,10.89,9.45882,92.5804,48.218749,0.13394,-10.01198,-4.94
2023-12-24,33823806.0,10.89,8.21623,76.7596,49.504559,0.99156,-9.78439,-4.4
2023-12-25,33139969.0,10.89,8.03812,119.5566,46.209843,4.67383,-8.08156,-1.7
2023-12-26,32444672.0,10.89,8.02235,219.1889,68.753734,5.74932,-3.71189,1.02
2023-12-27,31647795.0,10.89,7.12095,234.4091,72.275233,4.83206,-3.35617,0.74
2023-12-28,30690788.0,0.0,5.51861,170.1688,82.120382,5.37863,-4.32491,0.53
2023-12-29,30019407.0,48.56,5.34582,280.5304,90.010215,4.33449,-3.93592,0.2
2023-12-30,27558062.0,24.8,8.20097,91.5325,80.752856,6.05582,-0.78944,2.63
2023-12-31,25128395.0,0.0,11.26265,189.1301,73.425241,4.23294,-3.90528,0.16
2024-01-01,26035166.0,0.0,10.24484,160.502,60.960345,3.90515,-5.56126,-0.83
2024-01-02,32970970.0,0.0,8.45027,66.0777,62.188934,6.13993,-3.33625,1.4
2024-01-03,35359694.0,0.0,8.36966,100.7395,60.067768,6.21027,-3.77233,1.22
2024-01-04,35954968.0,0.0,11.66868,26.2022,73.518471,10.16484,-1.51422,4.33
2024-01-05,36539574.0,0.0,6.08824,211.1514,66.792855,8.2652,-2.18829,3.04
2024-01-06,36502586.0,0.0,9.98186,171.1737,57.27903,5.14162,-4.35677,0.39
2024-01-07,35697906.0,0.0,7.34335,223.7607,49.053817,2.72242,-6.98432,-2.13
2024-01-08,36655671.0,0.0,9.51493,222.1305,59.560497,6.13397,-5.5103,0.31
2024-01-09,37283203.0,0.0,9.18319,184.2421,75.165003,4.59236,-2.80949,0.89
2024-01-10,36471706.0,0.0,9.52803,64.2195,62.045906,5.25214,-5.29769,-0.02
2024-01-11,36335178.0,0.0,8.27546,94.0398,71.507496,10.23617,-1.56538,4.34
2024-01-12,36394380.0,0.0,5.25935,273.496,77.627284,10.14827,-1.90013,4.12
2024-01-13,36326365.0,0.0,7.09591,316.4903,83.626733,9.74185,-1.44746,4.15
2024-01-14,35377372.0,19.58,15.84819,195.0746,63.485266,4.47205,-4.53805,-0.03
2024-01-15,36176654.0,0.0,6.41371,202.2973,48.590091,4.48539,-6.5602,-1.04
2024-01-16,37142773.0,46.84,5.35721,250.2271,61.300709,3.54085,-2.63162,0.45
2024-01-17,37341149.0,101.32,5.98255,203.6509,90.013946,2.969,0.45768,1.71
2024-01-18,37059525.0,0.0,12.64759,207.1712,78.92333,2.8326,-1.93821,0.45
2024-01-19,37276509.0,3.67,13.17087,203.3317,71.522741,1.54949,-2.70406,-0.58
2024-01-20,36945530.0,22.97,13.47252,189.6778,73.27407,1.5201,-3.49669,-0.99
2024-01-21,35570546.0,12.44,15.8636,180.6406,55.137198,-1.06517,-7.88741,-4.48
2024-01-22,36131927.0,12.44,14.65653,167.4849,33.641009,-4.25455,-10.03229,-7.14
2024-01-23,35786522.0,3.67,12.4785,123.5672,32.262599,-1.20318,-10.14286,-5.67
2024-01-24,34966425.0,0.0,8.17139,160.258,37.29022,2.94651,-7.49531,-2.27
2024-01-25,33279417.0,0.0,5.82165,76.5025,43.917887,5.34199,-6.47519,-0.57
2024-01-26,32626236.0,0.0,5.83646,123.5497,45.435019,6.13631,-5.16937,0.48
2024-01-27,31774195.0,0.0,5.62383,188.3271,54.102122,5.53526,-5.24746,0.14
2024-01-28,30045618.0,0.0,6.11916,84.3856,50.448392,7.48688,-5.67419,0.91
2024-01-29,29023901.0,0.0,7.68398,298.7055,61.343347,9.24505,-3.84699,2.7
2024-01-30,27925056.0,0.0,7.78255,287.3992,77.110318,7.51754,-1.39851,3.06
2024-01-31,26534505.0,39.09,12.94836,214.2177,83.363569,4.71604,-3.40027,0.66
2024-02-01,24286029.0,40.51,17.88411,206.6531,61.311598,-2.40852,-6.52369,-4.47
2024-02-02,21870041.0,7.7,9.69337,205.7604,53.482508,-0.14978,-7.66981,-3.91
2024-02-03,20069501.0,2.89,10.83517,197.0118,58.133936,1.03052,-4.41495,-1.69
2024-02-04,18603895.0,101.32,11.28562,201.2981,65.734123,0.00246,-4.78798,-2.39
2024-02-05,15813208.0,38.8,10.65236,165.9314,71.045098,1.18304,-6.0118,-2.41
2024-02-06,13044450.0,0.0,7.21596,198.4398,60.611318,3.39521,-6.61693,-1.61
2024-02-07,10620124.0,0.0,7.02525,178.2649,60.464777,4.43624,-5.54504,-0.55
2024-02-08,7972232.0,0.0,5.63048,95.8691,60.942445,5.62114,-4.83424,0.39
2024-02-09,5474506.0,0.0,6.99571,48.8495,64.614626,8.86113,-3.46112,2.7
2024-02-10,4845458.0,0.0,5.74537,189.0394,64.102581,8.42701,-2.56296,2.93
2024-02-11,5316133.0,0.0,8.26306,52.0049,57.313291,12.48287,-2.71215,4.89
2024-02-12,6625126.0,0.0,12.71887,61.9907,63.669525,15.57636,2.31756,8.95
2024-02-13,9113129.0,0.0,10.07576,85.7264,67.04246,18.27649,4.79453,11.54
2024-02-14,11581042.0,84.23,12.21829,213.9153,74.609789,15.83444,1.80131,8.82
2024-02-15,15340536.0,36.75,11.57676,200.9282,49.641445,7.18119,-1.40539,2.89
2024-02-16,19289448.0,0.0,15.30995,69.2229,51.252781,10.89842,-0.64883,5.12
2024-02-17,22505331.0,0.0,14.03776,195.4954,68.435618,11.49443,2.77979,7.14
2024-02-18,26836130.0,90.79,11.4425,275.2707,88.978815,14.00538,6.68202,10.34
2024-02-19,29956223.0,79.08,23.72708,205.5775,59.638372,7.98473,-1.83102,3.08
2024-02-20,32157502.0,101.32,22.05083,212.9557,59.30411,-1.34362,-5.38881,-3.37
2024-02-21,32848234.0,101.32,21.46318,192.0343,78.568005,-4.45254,-6.45316,-5.45
2024-02-22,33155443.0,12.44,16.15189,194.0727,66.611501,-1.49004,-6.07204,-3.78
2024-02-23,33373880.0,0.0,10.9978,196.0979,63.519277,-0.08017,-5.49711,-2.79
2024-02-24,33309466.0,36.75,7.33087,160.2407,67.107877,0.74919,-4.46357,-1.86
2024-02-25,32588761.0,0.0,8.9651,173.5626,56.992938,5.75802,-5.20132,0.28
2024-02-26,34175428.0,0.0,11.91646,225.1941,50.649563,4.65321,-2.54267,1.06
2024-02-27,34891789.0,0.0,6.64959,269.5239,55.24101,7.74071,-3.57729,2.08
2024-02-28,35864723.0,0.0,7.7854,242.2669,60.628377,8.45403,-0.93444,3.76
2024-02-29,36106305.0,24.31,14.61253,206.9057,58.564711,3.3931,-2.10862,0.64
2024-03-01,35865851.0,0.0,9.37289,122.8745,42.283438,4.21312,-3.80939,0.2
2024-03-02,35900566.0,0.0,13.20721,54.0865,52.09283,10.82434,-1.16678,4.83
2024-03-03,34624889.0,0.0,8.95578,156.3295,60.969734,12.12271,0.75078,6.44
2024-03-04,36728528.0,14.28,10.03987,274.6437,72.099867,9.95826,1.94816,5.95
2024-03-05,37720936.0,38.31,12.60339,208.5892,75.49473,6.82785,2.18681,4.51
2024-03-06,36698134.0,0.0,10.27049,203.5228,46.692127,7.71571,-0.06709,3.82
2024-03-07,36852722.0,53.62,8.27608,133.4062,59.907983,9.87903,-1.56352,4.16
2024-03-08,36456145.0,0.0,9.16867,168.522,48.457294,8.88818,-0.61211,4.14
2024-03-09,36019668.0,0.0,9.70872,237.7814,48.728771,12.72044,-1.08722,5.82
2024-03-10,35010503.0,0.0,13.93484,151.473,57.250423,14.8336,2.93825,8.89
2024-03-11,35920470.0,21.0,11.85193,102.2473,59.702103,17.12493,4.92843,11.03
2024-03-12,36260285.0,0.0,10.01826,199.6695,49.731494,12.97096,2.98971,7.98
2024-03-13,36798024.0,0.0,9.83956,63.8194,45.621319,15.96805,4.33155,10.15
2024-03-14,36203703.0,0.0,7.40868,173.4593,52.722371,18.74656,5.56572,12.16
2024-03-15,35920838.0,0.0,10.5147,231.5685,59.032561,18.81178,6.7333,12.77
2024-03-16,36085758.0,7.14,9.56605,127.0804,65.647282,19.26489,7.92659,13.6
2024-03-17,34774027.0,0.0,15.36501,217.084,35.789489,12.65405,4.44725,8.55
2024-03-18,36380136.0,0.0,13.50763,34.5003,41.977995,15.13957,3.67699,9.41
2024-03-19,35736361.0,0.0,14.77774,128.0737,29.234103,14.93185,5.38446,10.16
2024-03-20,35656361.0,0.0,15.83493,46.7438,39.427236,18.33553,5.28076,11.81
2024-03-21,35845668.0,0.0,17.43413,247.3758,47.682366,20.3399,4.79027,12.57
2024-03-22,35794747.0,12.44,11.48839,110.7315,47.147051,20.90215,9.5101,15.21
2024-03-23,35928887.0,31.95,11.4045,275.4736,44.081079,19.37425,7.71941,13.55
2024-03-24,35129471.0,39.99,12.93758,238.0978,55.649913,16.17451,7.03101,11.6
2024-03-25,37609855.0,101.32,12.23474,192.7107,83.32414,8.89673,3.90007,6.4
2024-03-26,35766312.0,0.0,10.21088,55.4139,65.95206,16.8308,2.78608,9.81
2024-03-27,36362204.0,13.78,15.45082,194.7695,72.566911,15.61693,9.6185,12.62
2024-03-28,35887658.0,5.22,10.94494,62.499,64.640364,19.39096,8.65417,14.02
2024-03-29,35093260.0,3.67,12.05097,219.8175,42.329076,20.71982,10.2394,15.48
2024-03-30,34330483.0,29.8,13.15332,210.1448,41.882738,20.95731,9.2575,15.11
2024-03-31,32155157.0,0.0,10.91563,261.57,41.400688,22.21761,8.62588,15.42
2024-04-01,34199499.0,0.0,11.13639,292.8835,63.590141,24.23766,9.93546,17.09
2024-04-02,36325791.0,11.37,13.22433,234.3171,69.440929,17.26853,9.63144,13.45
2024-04-03,35697442.0,38.31,15.37155,197.3661,56.380003,13.61007,8.88555,11.25
2024-04-04,32198388.0,0.0,9.5755,222.6666,39.774264,16.03905,7.11624,11.58
2024-04-05,32271233.0,0.0,7.73305,185.6132,47.942946,19.88716,5.32087,12.6
2024-04-06,33409695.0,0.0,8.92661,57.8359,47.492885,22.83887,10.94559,16.89
2024-04-07,34106749.0,0.0,7.67574,147.2014,52.616011,24.03851,11.55131,17.79
2024-04-08,35351466.0,0.0,9.0154,190.6963,53.317585,23.16379,10.13106,16.65
2024-04-09,36067229.0,0.0,9.3748,238.8906,47.395472,18.90498,8.49425,13.7
2024-04-10,36259038.0,0.0,11.04559,149.7037,52.536126,23.46715,10.33417,16.9
2024-04-11,35970502.0,0.0,11.80731,169.8038,58.554978,25.03724,13.08016,19.06
2024-04-12,35858810.0,0.0,12.56299,186.7435,63.866726,25.1082,13.75572,19.43
2024-04-13,36006171.0,0.0,14.38238,293.9435,72.135155,23.73546,14.3788,19.06
2024-04-14,36120349.0,101.32,9.97192,309.3174,84.989768,17.63859,12.63627,15.14
2024-04-15,35691121.0,13.89,9.03942,107.7435,72.623451,23.27053,12.32815,17.8
2024-04-16,35121699.0,0.0,7.27125,205.3932,48.711704,23.88883,11.17549,17.53
2024-04-17,35231175.0,0.0,6.89232,200.6202,49.307986,24.41909,10.93007,17.67
2024-04-18,35292018.0,0.0,8.63172,100.8207,50.677905,27.09532,12.85875,19.98
2024-04-19,35849589.0,24.25,9.77049,293.2981,54.349399,23.82426,13.6751,18.75
2024-04-20,35109710.0,0.0,9.5095,218.5609,56.197972,22.13222,11.39937,16.77
2024-04-21,34257102.0,0.0,6.80225,253.6643,63.773584,22.13728,12.25586,17.2
2024-04-22,34656696.0,0.0,8.77253,286.9022,63.409012,24.98685,12.26224,18.62
2024-04-23,36270605.0,101.32,12.99738,115.5158,68.971466,19.48957,11.81581,15.65
2024-04-24,34371817.0,0.0,10.04157,64.5859,53.392904,25.07009,10.16407,17.62
2024-04-25,34115238.0,0.0,14.32665,68.3822,48.083604,27.75412,15.19483,21.47
2024-04-26,33862041.0,0.0,13.20337,245.1963,55.054971,26.62307,17.42045,22.02
2024-04-27,33641568.0,0.0,10.79948,323.0893,63.492055,26.99351,15.26541,21.13
2024-04-28,33341528.0,0.0,10.4689,253.3705,69.734478,22.54466,13.29591,17.92
2024-04-29,32725792.0,0.0,12.34538,194.371,62.688318,20.5008,11.04371,15.77
2024-04-30,31286733.0,0.0,10.7492,187.8144,56.083373,19.45539,10.72999,15.09
2024-05-01,24617668.0,0.0,7.83548,127.9249,43.906063,24.20483,9.96322,17.08
2024-05-02,24635019.0,0.0,8.06226,224.199,40.643207,25.56409,11.81094,18.69
2024-05-03,25756767.0,0.0,8.6563,299.133,44.957598,24.96932,12.27289,18.62
2024-05-04,28857160.0,78.66,8.48588,289.9626,64.355903,19.94356,13.04374,16.49
2024-05-05,31034613.0,61.25,6.55727,183.9966,75.406652,17.64234,12.72126,15.18
2024-05-06,33015522.0,18.17,8.72498,146.2496,70.562885,22.05974,12.87011,17.46
2024-05-07,33289492.0,10.89,9.55022,188.3857,60.069557,24.11963,13.16118,18.64
2024-05-08,33544821.0,0.0,7.81686,155.1569,43.810196,26.3708,11.66391,19.02
2024-05-09,34287547.0,0.0,14.79975,77.0732,40.71477,28.42156,15.64142,22.03
2024-05-10,34973620.0,6.56,17.8916,71.3132,50.183674,28.78323,16.76603,22.77
2024-05-11,35491117.0,43.48,12.16561,158.5401,43.825141,25.1901,15.30653,20.25
2024-05-12,33823668.0,0.0,7.19743,152.3511,42.223963,26.56841,12.77231,19.67
2024-05-13,34708327.0,0.0,9.22264,52.8447,41.409835,29.37561,13.93158,21.65
2024-05-14,35091921.0,15.49,15.25749,26.1314,44.135035,31.85063,18.73755,25.29
2024-05-15,34158798.0,3.67,15.86615,192.715,36.31204,23.58741,14.08064,18.83
2024-05-16,34893722.0,0.0,14.07134,44.8604,35.727801,28.38459,13.8881,21.14
2024-05-17,35715249.0,5.73,12.09234,163.2951,54.770696,31.66258,19.13196,25.4
2024-05-18,35447550.0,10.89,11.46833,173.5635,58.465652,32.93113,20.35952,26.65
2024-05-19,34626718.0,31.66,13.99964,250.3632,58.301775,31.69933,19.53637,25.62
2024-05-20,0.0,35.86,10.21242,239.3288,69.685032,24.90655,16.44495,20.68
2024-05-21,36151061.0,5.2,8.38283,273.1278,69.928723,28.06895,16.17701,22.12
2024-05-22,35960785.0,0.0,11.48743,223.6654,66.966331,29.77811,18.9493,24.36
2024-05-23,35390214.0,0.0,11.85602,226.5616,58.044929,32.05794,19.2736,25.67
2024-05-24,36173574.0,5.22,10.60035,263.2675,68.449588,28.20084,18.15498,23.18
2024-05-25,35740135.0,22.97,10.90092,276.034,72.82525,26.86801,17.47526,22.17
2024-05-26,34466897.0,101.32,11.21839,158.7697,71.086337,25.57856,17.10363,21.34
2024-05-27,34005008.0,0.0,7.79397,205.4329,52.148784,27.2923,15.59587,21.44
2024-05-28,34107261.0,0.0,7.45805,251.7167,47.36188,29.24705,14.89304,22.07
2024-05-29,34095587.0,0.0,14.10036,142.3121,39.597447,29.68827,19.7312,24.71
2024-05-30,34669296.0,0.0,11.18131,174.7793,51.567703,28.8795,19.80881,24.34
2024-05-31,33965198.0,0.0,12.87421,176.426,54.51666,28.80085,18.11191,23.46
2024-06-01,33114064.0,0.0,8.06892,187.4159,43.992706,29.5997,16.3397,22.97
2024-06-02,33535001.0,0.0,10.321,91.6487,38.255248,31.16006,20.85535,26.01
2024-06-03,33895459.0,0.0,8.05143,237.779,43.302739,31.68968,18.99978,25.34
2024-06-04,34953954.0,0.0,9.70669,319.5941,41.649282,30.56526,19.0431,24.8
2024-06-05,35377317.0,0.0,11.02437,252.5949,53.965049,27.04194,20.03121,23.54
2024-06-06,34580072.0,0.0,10.41082,218.8618,58.138265,29.82188,18.60766,24.21
2024-06-07,34501484.0,5.73,12.27781,165.6227,57.410853,29.67042,19.50459,24.59
2024-06-08,32707507.0,8.77,7.34802,89.186,57.818929,32.27719,18.94539,25.61
2024-06-09,29862708.0,0.0,8.23707,106.4007,44.200678,36.33985,21.96319,29.15
2024-06-10,28092027.0,0.0,8.05859,106.4394,42.277511,36.99967,22.2186,29.61
2024-06-11,31716820.0,14.73,13.89187,89.4453,42.662694,36.2774,25.06487,30.67
2024-06-12,33292857.0,30.05,13.15297,187.1398,51.413027,35.67781,23.71368,29.7
2024-06-13,33982639.0,17.51,14.96603,203.4737,52.185987,36.81578,23.97724,30.4
2024-06-14,35769327.0,57.91,11.22301,213.7041,64.715313,32.15914,23.05773,27.61
2024-06-15,34468830.0,29.61,8.47221,226.2541,66.623644,32.14688,21.28955,26.72
2024-06-16,33554409.0,7.7,7.92165,176.0742,57.100009,31.69213,20.91033,26.3
2024-06-17,34288120.0,0.0,9.64292,97.9206,52.236393,33.77289,22.20847,27.99
2024-06-18,35407161.0,0.0,12.35269,152.7345,41.201168,35.2229,24.02865,29.63
2024-06-19,35443684.0,0.0,12.89761,266.5572,47.326956,33.37412,22.97672,28.18
2024-06-20,35811329.0,0.0,8.95712,299.6808,61.813892,33.40314,21.93088,27.67
2024-06-21,37019065.0,101.32,8.27636,324.3417,72.914742,31.057,22.46862,26.76
2024-06-22,35606620.0,17.17,7.08292,162.5263,73.109566,32.43201,22.15477,27.29
2024-06-23,34267775.0,19.58,10.39585,130.9532,56.411164,35.03728,22.57397,28.81
2024-06-24,35376537.0,0.0,9.64038,207.5321,54.535938,30.5065,21.16757,25.84
2024-06-25,35558046.0,0.0,7.82666,304.0732,49.256659,32.88185,20.27449,26.58
2024-06-26,35720053.0,0.0,10.10637,266.6364,46.173873,34.0022,22.2341,28.12
2024-06-27,35441738.0,0.0,10.3385,308.9906,47.619845,33.21907,21.57205,27.4
2024-06-28,35544597.0,0.0,11.28826,301.4731,57.281119,33.69892,22.04958,27.87
2024-06-29,36964565.0,49.31,8.71937,290.5266,71.590906,29.32285,22.62842,25.98
2024-06-30,34204271.0,5.46,7.97581,162.1344,62.142104,34.91782,21.32438,28.12
2024-07-01,36442362.0,73.34,9.31877,246.1327,80.802918,29.54591,22.44627,26.0
2024-07-02,37528757.0,101.32,13.95365,185.1627,88.655635,23.98393,19.43208,21.71
2024-07-03,35409978.0,0.0,9.27182,42.0847,75.655741,31.12487,18.53636,24.83
2024-07-04,37469148.0,101.32,8.60652,35.7668,83.291619,27.98784,21.72602,24.86
2024-07-05,37540474.0,94.18,10.36966,224.6872,85.553944,30.50935,22.09273,26.3
2024-07-06,35980984.0,83.57,9.59477,63.2624,80.261537,31.38809,22.80986,27.1
2024-07-07,35845615.0,67.66,7.25165,282.7237,87.352463,30.04577,23.68647,26.87
2024-07-08,36302272.0,72.7,6.83569,245.1124,87.205925,28.78725,22.93254,25.86
2024-07-09,36437525.0,59.42,10.57474,210.6847,79.299233,28.44322,21.36075,24.9
2024-07-10,35719709.0,0.0,6.54161,201.9554,72.546216,30.61892,20.54308,25.58
2024-07-11,35853702.0,0.0,6.35115,139.4652,71.259664,32.12755,21.69404,26.91
2024-07-12,36546910.0,0.0,7.07056,284.2035,74.181259,31.50189,22.73198,27.12
2024-07-13,36217195.0,13.05,8.07502,287.075,76.8526,31.0026,23.23054,27.12
2024-07-14,34971760.0,0.0,6.99169,273.5807,77.746216,30.96995,22.76539,26.87
2024-07-15,36521749.0,56.79,8.01052,308.824,79.34636,31.16142,23.64972,27.41
2024-07-16,38191837.0,101.32,10.0551,281.2501,87.355273,28.80761,24.53333,26.67
2024-07-17,37618353.0,89.03,7.00963,102.4497,88.89759,28.85026,24.6337,26.74
2024-07-18,35888458.0,13.42,8.69649,53.8828,80.646363,33.56789,24.02103,28.79
2024-07-19,36191748.0,67.59,10.80294,33.0514,82.281625,33.21119,25.50245,29.36
2024-07-20,36366264.0,101.32,9.78845,42.3935,86.006798,30.29447,23.61038,26.95
2024-07-21,34420464.0,24.3,11.51555,81.8099,82.479575,33.76966,25.42003,29.59
2024-07-22,36889106.0,98.43,11.62786,19.0062,85.827118,32.31642,26.93979,29.63
2024-07-23,36122801.0,73.28,9.22559,140.5645,86.310248,32.65079,26.7141,29.68
2024-07-24,36394786.0,50.05,9.59687,286.9962,85.182824,34.78419,26.50468,30.64
2024-07-25,36486783.0,58.16,10.97995,305.9861,86.688727,31.12949,26.09522,28.61
2024-07-26,36307350.0,98.43,10.92335,288.2697,86.733837,31.77228,25.64744,28.71
2024-07-27,36627160.0,101.32,13.11888,283.7982,90.971578,29.6713,26.01748,27.84
2024-07-28,35394613.0,80.56,10.98802,170.1796,88.740509,30.63131,26.27003,28.45
2024-07-29,35154696.0,58.29,8.23217,120.0303,85.485075,33.97448,26.6108,30.29
2024-07-30,34690084.0,0.0,12.45696,67.6448,78.913921,34.71037,27.49639,31.1
2024-07-31,34107700.0,39.0,14.82444,18.7367,77.563432,34.33809,27.93683,31.14
2024-08-01,34527212.0,39.83,11.40378,21.8198,82.30055,32.93961,27.95497,30.45
2024-08-02,34277467.0,23.05,8.49044,53.2557,82.786166,34.33798,27.10779,30.72
2024-08-03,35228232.0,78.49,8.79226,209.5994,83.821681,34.25882,27.90947,31.08
2024-08-04,33810198.0,67.5,11.00846,39.638,82.654941,34.8852,27.17346,31.03
2024-08-05,35654751.0,101.32,7.44981,214.2755,86.190851,32.19436,25.41576,28.81
2024-08-06,36261643.0,65.53,6.12656,279.6917,86.042258,32.58653,25.21402,28.9
2024-08-07,36426817.0,88.96,5.53305,295.12,86.66767,32.95278,25.39323,29.17
2024-08-08,36557023.0,83.15,6.11142,272.3247,84.7597,32.07139,24.98826,28.53
2024-08-09,36715632.0,36.94,8.70733,325.767,85.625364,32.73922,25.9232,29.33
2024-08-10,36220821.0,67.65,12.53111,66.2941,80.218027,33.92643,27.31964,30.62
2024-08-11,34652226.0,0.0,9.5292,50.0717,74.832714,33.8827,26.02946,29.96
2024-08-12,36049585.0,8.77,6.3368,73.4849,73.094675,33.97035,25.38346,29.68
2024-08-13,37229082.0,45.79,7.12209,195.4227,81.749245,32.4951,25.66664,29.08
2024-08-14,38272423.0,88.16,7.27212,207.7809,85.447801,31.33201,25.01822,28.18
2024-08-15,37698602.0,24.3,6.07386,231.644,83.450332,32.16424,24.51871,28.34
2024-08-16,37663464.0,26.33,5.61402,247.6249,81.272506,32.47605,24.83319,28.65
2024-08-17,37910952.0,52.11,5.13946,281.5296,81.850426,32.90306,25.03471,28.97
2024-08-18,36960504.0,65.37,6.18671,263.6917,84.133615,32.54008,25.167,28.85
2024-08-19,38884447.0,101.32,6.91998,304.86,88.3244,30.05726,24.72325,27.39
2024-08-20,39350484.0,81.6,6.39792,227.9549,87.711184,30.03598,24.13535,27.09
2024-08-21,38378529.0,22.97,4.77227,129.5571,84.114795,32.07931,24.0497,28.06
2024-08-22,38047262.0,19.58,4.46724,67.3377,80.337569,32.78874,24.28263,28.54
2024-08-23,38569167.0,0.0,4.66001,250.3909,79.363166,33.98344,25.375,29.68
2024-08-24,37936238.0,0.0,5.19417,291.2229,81.122787,34.51329,25.99507,30.25
2024-08-25,37402471.0,30.58,6.49076,285.0764,83.110608,33.48756,26.60722,30.05
2024-08-26,39229685.0,101.32,14.38771,244.6946,86.85258,29.7845,23.8014,26.79
2024-08-27,37103212.0,80.73,18.72448,215.8553,77.208585,27.64453,22.18567,24.92
2024-08-28,36237641.0,0.0,9.80607,222.0222,75.105998,30.15779,21.35669,25.76
2024-08-29,36416799.0,0.0,5.23281,258.1657,78.163683,30.70728,21.26495,25.99
2024-08-30,37259718.0,0.0,5.99949,120.4989,76.928305,32.42463,22.59217,27.51
2024-08-31,36649408.0,0.0,6.13135,255.7537,78.066754,32.13267,24.32645,28.23
2024-09-01,36590833.0,66.2,10.12474,112.2603,79.351618,33.28369,25.2134,29.25
2024-09-02,37209488.0,3.39,14.13463,214.7664,67.552057,27.60785,20.91039,24.26
2024-09-03,37000249.0,0.0,6.18187,234.1594,69.708176,28.72525,19.38793,24.06
2024-09-04,37610299.0,0.0,8.06438,193.2776,71.903828,31.58294,21.50132,26.54
2024-09-05,39834808.0,42.46,11.94574,197.2257,76.872575,28.17804,21.889,25.03
2024-09-06,37868618.0,0.0,9.0689,224.0228,65.730843,28.60232,19.53421,24.07
2024-09-07,37505432.0,0.0,5.88999,247.7167,69.976754,29.81399,18.99325,24.4
2024-09-08,37078346.0,7.7,6.76627,307.6148,73.556772,31.21263,21.70488,26.46
2024-09-09,38106500.0,0.0,8.9027,281.608,72.532619,32.388,23.31826,27.85
2024-09-10,39490455.0,31.47,9.22875,227.006,81.876238,30.90298,22.53159,26.72
2024-09-11,40266912.0,36.61,12.20821,216.3012,76.818437,27.40698,21.85714,24.63
2024-09-12,39921713.0,77.08,11.08071,221.643,78.949264,27.72254,22.09274,24.91
2024-09-13,40338457.0,94.76,7.36683,222.754,86.450716,27.95973,22.98869,25.47
2024-09-14,39127248.0,82.15,12.75519,211.492,80.152164,25.42768,20.14485,22.79
2024-09-15,35740451.0,0.0,11.04535,205.3082,68.992471,25.39714,18.51117,21.95
2024-09-16,33716436.0,0.0,7.32436,215.9631,69.96491,29.16757,17.88634,23.53
2024-09-17,31259061.0,53.86,10.59785,239.9536,78.363039,29.98778,22.1265,26.06
2024-09-18,35395107.0,71.66,9.50898,262.1043,86.626702,29.27098,23.86693,26.57
2024-09-19,38224869.0,40.5,7.02601,257.8524,87.099683,30.88828,24.34839,27.62
2024-09-20,39461771.0,74.8,14.3042,211.0418,85.225328,28.84056,17.95836,23.4
2024-09-21,36539265.0,3.67,20.20051,188.366,62.076992,21.46319,15.28905,18.38
2024-09-22,35360152.0,0.0,12.7062,191.7279,56.786086,22.45549,13.24167,17.85
2024-09-23,36090921.0,0.0,5.69439,240.9509,64.808441,23.83717,12.30586,18.07
2024-09-24,36037569.0,0.0,5.54883,195.6464,69.459482,26.06677,13.46344,19.77
2024-09-25,36602955.0,0.0,4.88797,230.1572,70.034148,27.55541,15.58974,21.57
2024-09-26,36639198.0,0.0,6.95023,229.347,72.744854,26.6476,17.45563,22.05
2024-09-27,36431213.0,0.0,7.60017,282.1361,66.990344,27.28277,18.00817,22.65
2024-09-28,35775653.0,0.0,8.31229,307.515,67.846805,28.36415,18.34831,23.36
2024-09-29,34536065.0,0.0,10.02923,306.8095,73.56458,29.27423,19.33698,24.31
2024-09-30,33557133.0,101.32,11.6334,146.5094,88.463383,24.80264,14.23761,19.52
2024-10-01,25106781.0,22.97,13.60418,154.8073,59.804431,19.94255,11.35849,15.65
2024-10-02,24378157.0,0.0,7.96659,155.1341,47.254993,19.26734,8.24979,13.76
2024-10-03,25454522.0,0.0,5.56082,182.8637,54.555363,21.6224,7.92435,14.77
2024-10-04,28202922.0,0.0,6.45573,208.455,58.499031,23.08765,9.57808,16.33
2024-10-05,31147882.0,0.0,5.36105,295.9772,63.902347,23.61273,12.42132,18.02
2024-10-06,33545689.0,17.17,5.28167,232.6059,67.467999,23.02775,15.73656,19.38
2024-10-07,34710476.0,0.0,9.63048,191.3903,72.562293,20.69412,12.51426,16.6
2024-10-08,35417924.0,0.0,6.59178,183.0186,60.509744,22.39869,10.4206,16.41
2024-10-09,36916958.0,24.95,7.55366,46.7536,61.476564,23.20894,12.45752,17.83
2024-10-10,36965369.0,0.0,8.6778,179.5357,65.976447,23.13141,12.20744,17.67
2024-10-11,37010194.0,0.0,5.32153,178.1035,61.528204,24.91237,10.50984,17.71
2024-10-12,37176371.0,0.0,7.06155,323.0257,63.702478,26.0644,14.22182,20.14
2024-10-13,37433081.0,10.53,7.61895,316.3574,71.958895,23.13101,16.85563,19.99
2024-10-14,37875833.0,22.97,6.01516,112.0193,77.538739,25.12907,15.88662,20.51
2024-10-15,38594002.0,6.56,8.60943,242.7579,75.035955,24.6839,14.65589,19.67
2024-10-16,38000511.0,0.0,7.56505,287.0503,69.646944,23.69242,13.70674,18.7
2024-10-17,38110290.0,88.88,9.15553,304.7625,78.58502,22.77555,14.69766,18.74
2024-10-18,39346207.0,101.32,17.22678,202.0403,90.8502,18.25195,13.07069,15.66
2024-10-19,37338048.0,0.0,22.8,205.7196,56.815801,12.84087,6.62993,9.74
2024-10-20,36343395.0,48.26,7.2195,203.9284,65.937955,14.51381,5.65272,10.08
2024-10-21,37918068.0,57.86,4.78028,130.9958,77.123419,15.62681,8.5068,12.07
2024-10-22,39490126.0,59.41,11.72718,145.5008,78.10293,14.26503,7.79257,11.03
2024-10-23,36845035.0,0.0,9.36911,50.6668,66.422275,18.5468,6.56325,12.56
2024-10-24,35921995.0,0.0,5.47432,268.8445,72.562861,20.65128,8.70664,14.68
2024-10-25,36004761.0,0.0,5.62789,269.8937,79.983467,20.7436,9.59554,15.17
2024-10-26,35218754.0,0.0,4.69944,236.943,82.39321,20.58939,10.5005,15.54
2024-10-27,35320454.0,5.73,10.18317,195.7554,77.899252,17.67759,9.7747,13.73
2024-10-28,35203265.0,0.0,6.39037,215.8511,72.519495,17.70701,7.49918,12.6
2024-10-29,36320820.0,0.0,5.64853,126.6766,73.502601,20.57929,7.9144,14.25
2024-10-30,36766130.0,0.0,5.35937,271.538,77.424636,20.71713,10.74999,15.73
2024-10-31,35584697.0,6.56,5.57238,246.4856,78.302875,20.4643,11.76528,16.11
2024-11-01,35562370.0,0.0,8.42883,199.84,77.764773,19.99996,11.86121,15.93
2024-11-02,36130690.0,0.0,5.72419,181.0479,75.910181,21.71141,10.68115,16.2
2024-11-03,36008737.0,0.0,8.42148,53.0961,70.399332,22.47041,11.35542,16.91
2024-11-04,37367322.0,0.0,14.44379,190.8107,46.439311,14.60622,5.99748,10.3
2024-11-05,37688196.0,0.0,6.20414,159.5443,58.379013,14.62989,3.75067,9.19
2024-11-06,37280874.0,0.0,6.03536,209.8958,55.910653,16.64094,3.82665,10.23
2024-11-07,37691293.0,0.0,8.19426,235.7992,60.439432,17.504,6.93492,12.22
2024-11-08,37824835.0,0.0,7.88835,297.1297,68.789421,17.9019,8.84913,13.38
2024-11-09,38050020.0,2.89,6.89701,312.0247,76.120735,17.80226,9.35037,13.58
2024-11-10,36974200.0,2.89,4.96844,217.5069,83.089306,18.55031,12.23113,15.39
2024-11-11,37459928.0,7.08,4.47185,122.4681,83.827048,18.99589,12.31241,15.65
2024-11-12,38248928.0,20.24,5.26143,268.0861,82.770705,18.77895,11.614,15.2
2024-11-13,39067955.0,67.46,6.2821,320.8939,84.735512,17.83493,13.61033,15.72
2024-11-14,39435478.0,95.59,4.68618,234.5724,88.60972,17.33566,14.11702,15.73
2024-11-15,38916417.0,0.0,4.20147,207.5484,88.797552,18.08175,13.30287,15.69
2024-11-16,38935418.0,37.72,10.13373,183.1832,74.010704,16.23634,10.86012,13.55
2024-11-17,36808396.0,0.0,10.29716,207.817,48.733767,12.87526,6.338,9.61
2024-11-18,38065985.0,0.0,8.72002,247.9942,53.197233,10.25204,3.60513,6.93
2024-11-19,38838306.0,0.0,5.86334,156.2263,61.818819,11.37748,4.87411,8.13
2024-11-20,37934745.0,0.0,6.12623,66.1339,73.08789,13.86878,4.88566,9.38
2024-11-21,38076003.0,0.0,6.54725,115.6731,71.050555,15.25022,4.39857,9.82
2024-11-22,38271751.0,0.0,6.96668,239.0083,62.835049,13.41957,3.48964,8.45
2024-11-23,38095998.0,0.0,6.23051,274.0338,64.087395,12.29431,2.93037,7.61
2024-11-24,37178815.0,0.0,5.94388,277.8234,66.066104,12.77163,3.36525,8.07
2024-11-25,39176437.0,101.32,9.30563,122.552,82.042236,9.7986,3.41609,6.61
2024-11-26,0.0,12.44,15.34142,107.903,43.01743,5.92102,-0.3574,2.78
2024-11-27,38073463.0,12.44,16.0701,98.9175,42.120359,4.94248,-1.4225,1.76
2024-11-28,37957735.0,3.67,14.44444,117.0595,45.434436,6.90408,0.95534,3.93
2024-11-29,36857564.0,3.67,8.94265,88.3739,51.563651,13.77598,0.58785,7.18
2024-11-30,36636780.0,0.0,6.48798,103.3341,60.431315,14.99424,2.73066,8.86
2024-12-01,35739813.0,0.0,7.41964,46.7139,68.351675,14.67779,4.41023,9.54
2024-12-02,37868531.0,0.0,13.19786,203.1251,63.924372,8.0879,0.95521,4.52
2024-12-03,37802067.0,0.0,4.91464,202.4558,63.123226,8.95322,-1.00023,3.98
2024-12-04,38350640.0,0.0,5.07923,163.2499,62.425059,9.33154,-0.65476,4.34
2024-12-05,38362991.0,0.0,7.53883,100.0638,66.194566,10.33935,0.65366,5.5
2024-12-06,38224764.0,0.0,5.69412,113.3702,65.965351,10.12139,-0.26196,4.93
2024-12-07,38306096.0,12.44,11.06197,165.9518,54.517244,4.72361,-1.71983,1.5
2024-12-08,37425312.0,0.0,7.76948,88.5764,50.159421,6.842,-3.07374,1.88
2024-12-09,38857212.0,0.0,5.21957,122.5504,58.765667,7.02633,-1.73744,2.64
2024-12-10,39656560.0,0.0,5.48153,182.3549,62.785064,6.51662,-2.08307,2.22
2024-12-11,39577922.0,0.0,9.22098,210.5898,63.488374,6.60427,-0.49128,3.06
2024-12-12,40374505.0,0.0,5.05272,216.5899,67.595548,5.15149,-1.76443,1.69
2024-12-13,40196856.0,51.86,10.55184,151.952,65.463339,4.01526,-2.21665,0.9
2024-12-14,39040423.0,3.67,9.68857,94.5274,47.590394,5.36166,-3.45453,0.95
2024-12-15,37884592.0,0.0,7.0877,86.6004,45.747222,7.6794,-2.68209,2.5
2024-12-16,38460127.0,0.0,4.83681,104.2107,51.637404,8.16944,-2.82114,2.67
2024-12-17,38980241.0,0.0,8.31055,192.1837,57.389746,6.81186,-2.67367,2.07
2024-12-18,38994514.0,0.0,11.22485,178.8924,54.081277,2.62263,-3.86516,-0.62
2024-12-19,39195033.0,0.0,6.12284,173.4174,55.491026,2.53348,-4.67778,-1.07
2024-12-20,38874495.0,12.44,7.97425,98.537,57.39337,5.39507,-2.67058,1.36
2024-12-21,38652573.0,12.44,13.04898,158.2695,44.653508,1.37432,-3.91737,-1.27
2024-12-22,37457784.0,0.0,6.3852,124.7496,40.667384,4.82123,-4.84258,-0.01
2024-12-23,37989404.0,0.0,5.51062,112.2232,45.98997,6.081,-3.93039,1.08
2024-12-24,39063018.0,0.0,4.75892,169.2903,51.68909,5.668,-4.35347,0.66
2024-12-25,38544965.0,0.0,6.08664,74.2832,58.415922,7.43442,-2.01903,2.71
2024-12-26,38271809.0,0.0,8.85157,186.0556,47.779999,3.91167,-3.47265,0.22
2024-12-27,38775280.0,3.67,10.14831,138.165,38.552642,2.78753,-4.32414,-0.77
2024-12-28,37914842.0,3.67,9.83063,80.8554,33.387108,5.50734,-4.26673,0.62
2024-12-29,36892802.0,0.0,9.51213,25.5172,42.399517,8.05309,-3.05682,2.5
2024-12-30,37214401.0,0.0,7.73332,143.0533,47.914846,8.65112,-1.80995,3.42
2024-12-31,35827545.0,0.0,7.25879,110.0506,44.419263,8.6029,-2.8942,2.85
2025-01-01,33372058.0,0.0,5.7851,191.3549,58.699979,10.04502,-1.81062,4.12
2025-01-02,36765117.0,0.0,8.01969,195.1638,67.072126,5.74167,-2.86348,1.44
2025-01-03,38223311.0,0.0,5.9154,153.3664,53.828117,6.99813,-3.78625,1.61
2025-01-04,40088528.0,0.0,6.70258,40.0842,60.515962,8.73073,-2.02136,3.35
2025-01-05,39444263.0,0.0,7.56209,99.3646,60.330675,10.02313,-1.1102,4.46
2025-01-06,39916425.0,3.67,10.49107,146.0659,47.349057,4.71299,-2.31149,1.2
2025-01-07,40153709.0,3.67,9.39466,89.7517,35.927372,7.13969,-2.54129,2.3
2025-01-08,40039453.0,12.44,12.61924,171.2462,42.405833,2.19841,-4.88838,-1.34
2025-01-09,40036843.0,12.44,11.633,172.2342,35.900406,0.44702,-7.04099,-3.3
2025-01-10,39746974.0,0.0,7.4583,78.0536,32.990216,3.43651,-7.60953,-2.09
2025-01-11,39295316.0,0.0,5.16526,54.9464,37.113387,5.78148,-5.81012,-0.01
2025-01-12,38111691.0,0.0,6.03081,112.1666,43.931129,5.22803,-4.89925,0.16
2025-01-13,38185241.0,0.0,7.23247,101.1692,48.483954,8.98162,-2.40991,3.29
2025-01-14,38180981.0,8.77,11.77792,168.2526,45.370681,5.5529,-3.36999,1.09
2025-01-15,37141396.0,0.0,9.45723,95.2755,29.192806,2.58607,-6.38199,-1.9
2025-01-16,35528731.0,0.0,6.99835,115.5784,33.333091,6.66833,-4.72797,0.97
2025-01-17,34047473.0,0.0,5.81311,218.6566,47.952535,8.61262,-4.28332,2.16
2025-01-18,31855324.0,0.0,7.85576,52.3776,49.047638,10.82595,-0.82791,5.0
2025-01-19,29165971.0,0.0,6.09307,159.8758,51.897373,10.13658,-2.6669,3.73
2025-01-20,26824127.0,0.0,6.10751,195.6343,49.197232,10.87069,-2.91833,3.98
2025-01-21,24087137.0,0.0,6.61412,222.503,59.044172,11.24577,-0.64521,5.3
2025-01-22,20934954.0,0.0,8.9028,240.2565,65.080634,8.72398,0.56033,4.64
2025-01-23,18233396.0,0.0,6.23774,262.0862,75.837256,7.8117,-0.64994,3.58
2025-01-24,15141754.0,14.78,7.39954,238.0928,79.492436,7.75256,0.29053,4.02
2025-01-25,11173988.0,7.7,8.73363,210.4798,71.2952,5.86671,-0.14598,2.86
2025-01-26,8508969.0,85.49,12.52424,118.4925,64.072303,2.42339,-3.29863,-0.44
2025-01-27,6771382.0,12.44,18.00487,123.1947,29.842136,-0.20999,-5.56782,-2.89
2025-01-28,5643548.0,3.67,10.61635,113.9782,29.668159,0.71047,-7.49198,-3.39
2025-01-29,5297131.0,0.0,7.45892,170.1009,35.943285,6.74303,-6.3924,0.18
2025-01-30,5372217.0,0.0,8.35488,266.0908,61.845771,6.27764,-1.62216,2.33
2025-01-31,6016895.0,29.61,11.41683,208.5129,84.990969,2.59588,-1.02765,0.78
2025-02-01,7815383.0,0.0,7.47003,207.9606,74.196425,3.61702,-1.0555,1.28
2025-02-02,10197572.0,3.67,7.33039,172.2283,72.77159,4.57792,-2.22992,1.17
2025-02-03,13845898.0,12.44,10.28616,165.8711,45.493083,3.3623,-4.47283,-0.56
2025-02-04,18458542.0,3.67,7.41116,182.0827,36.811474,2.82259,-6.0229,-1.6
2025-02-05,23225697.0,3.67,11.34489,147.3516,30.779363,0.77353,-5.98625,-2.61
2025-02-06,28142145.0,0.0,12.32581,111.0914,30.945099,5.41935,-5.88268,-0.23
2025-02-07,31256902.0,12.44,20.24507,154.2258,23.35924,-4.21256,-10.67893,-7.45
2025-02-08,32863957.0,0.0,9.1829,163.1732,26.118264,-0.81182,-9.84197,-5.33
2025-02-09,33620554.0,0.0,6.24852,176.7292,24.901026,2.74079,-9.10661,-3.18
2025-02-10,35319249.0,0.0,9.07895,219.3573,31.998563,8.12121,-4.16162,1.98
2025-02-11,36479116.0,66.14,10.63964,260.1491,61.544196,9.76493,-0.06994,4.85
2025-02-12,35000602.0,12.44,12.98242,149.2793,56.04033,5.5547,-1.65174,1.95
2025-02-13,36162324.0,0.0,10.24705,40.5181,33.77752,10.32272,-2.39135,3.97
2025-02-14,37622749.0,0.0,7.77918,51.3427,46.103774,12.03004,-0.47941,5.78
2025-02-15,37708649.0,0.0,8.77437,41.1894,49.267548,14.98083,2.05497,8.52
2025-02-16,37180054.0,0.0,12.19182,178.7549,44.40608,8.86761,-0.25209,4.31
2025-02-17,38730761.0,0.0,9.08112,231.9968,41.542801,7.1559,-1.85184,2.65
2025-02-18,39900952.0,0.0,8.09348,257.472,47.531943,8.48024,-1.89818,3.29
2025-02-19,39700758.0,0.0,8.4041,234.241,46.899073,7.0929,-2.31622,2.39
2025-02-20,40239902.0,7.7,6.11848,256.7655,48.751056,6.34514,-0.73229,2.81
2025-02-21,40467042.0,0.0,6.61604,214.5855,57.72786,6.12778,-2.47221,1.83
2025-02-22,40288073.0,0.0,7.61582,228.3357,54.637,3.70392,-2.14822,0.78
2025-02-23,39178675.0,0.0,9.8741,154.7153,42.510355,2.98746,-4.34964,-0.68
2025-02-24,39702487.0,0.0,8.91179,40.4253,30.736803,7.7699,-5.33709,1.22
2025-02-25,39787824.0,0.0,9.58117,61.7998,40.772061,12.69741,0.8944,6.8
2025-02-26,39287038.0,0.0,8.70613,136.616,46.67337,15.33405,-0.38922,7.47
2025-02-27,39313077.0,0.0,10.06055,231.0103,62.467991,15.70446,4.57092,10.14
2025-02-28,38826990.0,20.86,8.75326,234.1583,68.427168,18.72244,4.609,11.67
2025-03-01,38900656.0,78.35,9.39262,281.955,83.268898,15.45413,7.77741,11.62
2025-03-02,40199856.0,101.32,21.06159,214.2137,91.242589,9.29399,-0.1958,4.55
2025-03-03,40491014.0,65.91,17.04636,209.2274,70.693442,3.59583,-0.83458,1.38
2025-03-04,41142567.0,57.08,8.39439,201.7545,77.07238,5.32234,-0.51733,2.4
2025-03-05,40022950.0,0.0,5.78617,228.898,72.032396,8.58157,-0.88376,3.85
2025-03-06,39270436.0,0.0,7.53652,203.3585,61.679773,10.55188,0.09038,5.32
2025-03-07,39659234.0,5.46,8.13844,277.5887,60.55199,10.36752,0.79215,5.58
2025-03-08,38216507.0,7.08,6.92789,85.2074,66.906737,13.89599,3.13825,8.52
2025-03-09,37103538.0,0.0,10.37237,228.4283,64.390051,15.14205,4.22972,9.69
2025-03-10,38297512.0,0.0,12.18086,250.0968,70.358493,15.62026,4.67851,10.15
2025-03-11,38960427.0,0.0,10.44821,166.7407,76.788862,16.23876,7.15168,11.7
2025-03-12,38975161.0,0.0,8.8762,203.2124,59.35044,17.78873,7.31714,12.55
2025-03-13,39012793.0,0.0,9.99787,301.559,41.337043,17.36598,7.07954,12.22
2025-03-14,39403212.0,0.0,10.7764,260.7998,46.082996,14.53144,3.89445,9.21
2025-03-15,39701457.0,14.28,11.39121,195.4796,53.669229,10.57196,2.63735,6.6
2025-03-16,37545177.0,10.89,14.12635,148.4268,43.737881,7.5418,-0.09141,3.73
2025-03-17,38465393.0,0.0,14.25648,127.1035,38.371597,12.24131,0.57501,6.41
2025-03-18,38444914.0,0.0,11.05595,162.1219,37.941973,9.65883,-0.10436,4.78
2025-03-19,38244123.0,0.0,9.60306,45.1895,42.490646,16.6536,1.99239,9.32
2025-03-20,37716118.0,0.0,10.92004,76.1604,35.998134,22.12876,6.14707,14.14
2025-03-21,37494891.0,0.0,10.59885,85.7103,25.800113,24.17047,9.11767,16.64
2025-03-22,36770363.0,0.0,10.75598,71.5842,23.865065,25.83308,11.5306,18.68
2025-03-23,37178980.0,0.0,11.06682,58.2977,25.00476,24.28758,12.48388,18.39
2025-03-24,37510012.0,0.0,13.18641,161.1783,33.342699,22.47199,10.73177,16.6
2025-03-25,37621463.0,0.0,15.05659,220.079,33.491439,23.45847,11.55076,17.5
2025-03-26,37850604.0,0.0,13.88872,194.2171,45.931511,24.87471,10.59405,17.73
2025-03-27,39818750.0,2.89,16.82514,185.9601,35.677362,13.24104,5.73622,9.49
2025-03-28,38560712.0,0.0,10.39678,186.642,40.62258,10.97683,2.4165,6.7
2025-03-29,37671713.0,0.0,9.59171,123.513,39.87841,10.71452,0.69994,5.71
2025-03-30,36339557.0,0.0,9.19711,70.2222,41.697579,14.95549,2.42872,8.69
2025-03-31,36319469.0,0.0,12.63781,26.75,44.713942,17.76635,5.26332,11.51
2025-04-01,36591826.0,0.0,15.00352,32.2646,41.948132,21.18935,7.94827,14.57
2025-04-02,36891817.0,0.0,11.48585,182.799,39.822089,17.82414,7.56276,12.69
2025-04-03,36064550.0,0.0,10.7173,265.1209,44.797139,18.63624,5.91347,12.27
2025-04-04,34293285.0,59.25,13.25156,120.8627,52.155379,19.38768,9.4975,14.44
2025-04-05,33139425.0,7.14,11.8,140.64,38.557361,17.82561,8.33405,13.08
2025-04-06,34094842.0,0.0,11.34913,31.4779,38.589631,24.14278,8.46271,16.3
2025-04-07,36106296.0,0.0,11.8018,68.9066,45.856434,26.93319,13.38102,20.16
2025-04-08,37324738.0,52.02,10.8572,271.9687,45.519656,22.47548,11.07904,16.78
2025-04-09,37721972.0,45.61,7.11349,199.3385,62.510018,21.95932,9.55462,15.76
2025-04-10,37346201.0,0.0,8.61207,247.9792,59.725342,22.79947,9.37814,16.09
2025-04-11,37957277.0,54.56,14.48423,185.163,61.347712,24.24236,13.05203,18.65
2025-04-12,37514468.0,46.97,24.34059,118.7201,32.390976,17.22299,7.26661,12.24
2025-04-13,36085076.0,0.0,19.16633,116.1595,28.119397,16.53923,4.40353,10.47
2025-04-14,37385287.0,12.44,16.00341,138.2717,41.151984,18.90227,7.09933,13.0
2025-04-15,36754164.0,0.0,10.7512,46.5783,42.656244,26.72958,9.56117,18.15
2025-04-16,36644086.0,0.0,12.91859,33.33,45.10767,30.09543,16.35633,23.23
2025-04-17,37519654.0,0.0,9.47675,83.5362,49.156623,29.95729,16.62512,23.29
2025-04-18,37751197.0,57.49,14.03722,258.3879,62.309909,21.95891,10.56038,16.26
2025-04-19,36733350.0,66.4,7.81818,205.262,71.260497,20.88738,8.92068,14.9
2025-04-20,35356991.0,0.0,9.05495,308.7536,67.682182,23.28481,10.27667,16.78
2025-04-21,37279649.0,81.6,10.23684,289.0022,72.718421,21.83404,11.75565,16.79
2025-04-22,36627036.0,12.44,12.19794,184.0861,65.480729,20.92816,12.34423,16.64
2025-04-23,36135678.0,0.0,8.86206,73.368,53.099472,27.016,11.38458,19.2
2025-04-24,36264899.0,0.0,13.25383,196.6365,31.983976,20.23192,11.71995,15.98
2025-04-25,36116023.0,0.0,9.50112,75.7815,40.390585,23.78999,9.15013,16.47
2025-04-26,35850903.0,0.0,14.77859,52.5797,39.488411,27.69818,14.23229,20.97
2025-04-27,36523180.0,40.46,11.92642,220.0837,50.476937,23.09014,11.38214,17.24
2025-04-28,34787542.0,10.59,8.27189,105.7053,47.177085,24.66582,9.05003,16.86
2025-04-29,33480700.0,22.61,14.09708,54.8165,40.706681,28.87847,13.74109,21.31
2025-04-30,30986425.0,95.86,15.96481,33.0193,45.708552,30.0648,16.07471,23.07
2025-05-01,23736156.0,19.3,10.56741,142.4781,46.985227,24.13508,12.63658,18.39
2025-05-02,22685060.0,94.76,13.80282,265.8128,51.337626,25.91831,13.25478,19.59
2025-05-03,23662107.0,25.73,12.57887,170.5073,44.231728,21.23596,11.04285,16.14
2025-05-04,25994447.0,25.98,10.4229,268.2766,42.928133,24.58962,10.22277,17.41
2025-05-05,29349705.0,93.62,11.39634,249.5093,61.687474,22.90074,13.29714,18.1
2025-05-06,33850635.0,54.25,9.56227,197.5209,72.933895,20.06632,11.77295,15.92
2025-05-07,35277660.0,48.03,9.57838,303.7103,69.634637,23.25013,11.32649,17.29
2025-05-08,36885187.0,91.92,14.46526,315.6301,71.654605,21.45284,15.07492,18.26
2025-05-09,38610539.0,94.24,10.62986,236.311,86.824593,16.85611,12.11061,14.48
2025-05-10,36561706.0,91.35,12.45428,136.9063,67.195393,21.42381,11.40693,16.42
2025-05-11,34890997.0,15.81,10.48885,37.3651,49.944939,27.07023,11.90413,19.49
2025-05-12,36137659.0,13.16,14.93826,20.6878,45.486104,30.08715,16.61257,23.35
2025-05-13,36926780.0,7.7,16.90226,22.1991,49.554519,28.67363,20.46371,24.57
2025-05-14,38519180.0,39.59,13.18434,159.0875,63.822013,27.51853,16.37182,21.95
2025-05-15,37272903.0,0.0,8.12424,273.8306,65.992898,25.66972,13.87609,19.77
2025-05-16,37656537.0,7.7,13.31213,246.361,71.838121,28.9114,16.44517,22.68
2025-05-17,37344982.0,20.24,17.54354,143.0885,47.12523,24.93759,14.37738,19.66
2025-05-18,36147200.0,40.58,12.89261,214.7605,46.205714,25.9278,13.27633,19.6
2025-05-19,37204813.0,7.08,14.39196,29.7542,52.660368,35.55628,18.41175,26.98
2025-05-20,37648110.0,2.89,13.80034,48.6194,51.565388,35.8843,23.5238,29.7
2025-05-21,37567671.0,7.8,10.20114,250.8495,63.794662,31.54424,20.88133,26.21
2025-05-22,37888311.0,45.49,14.7817,236.7429,46.579108,26.57403,17.54716,22.06
2025-05-23,38931687.0,19.58,12.58624,196.6969,60.850927,20.8261,14.16924,17.5
2025-05-24,36636770.0,0.0,8.73416,158.1443,54.266071,25.3695,13.65019,19.51
2025-05-25,35856123.0,0.0,8.64495,58.4143,42.466522,27.94524,14.70556,21.33
2025-05-26,36736023.0,13.11,7.35295,136.3958,47.117188,28.30944,16.57472,22.44
2025-05-27,37107142.0,0.0,8.04209,253.2485,46.622899,29.57878,17.23311,23.41
2025-05-28,36717528.0,24.39,9.60682,269.4117,44.187328,29.85503,18.07423,23.96
2025-05-29,36332634.0,0.0,9.26437,244.9728,45.431486,30.47775,17.5276,24.0
2025-05-30,35111767.0,30.46,10.53003,266.5719,44.697907,30.82406,18.8803,24.85
2025-05-31,31944893.0,101.32,9.81685,290.5824,49.908384,26.93538,19.97444,23.45
2025-06-01,30434548.0,88.88,9.41192,289.7407,54.148807,27.30583,16.72128,22.01
2025-06-02,32952639.0,89.03,8.24442,153.514,56.796442,28.46384,17.3071,22.89
2025-06-03,34092116.0,24.95,9.67212,110.0536,41.813478,31.66001,17.80535,24.73
2025-06-04,35470157.0,5.46,7.31529,139.8393,32.575987,33.28959,18.23596,25.76
2025-06-05,36834350.0,0.0,12.565,109.0565,37.605425,35.56104,21.52651,28.54
2025-06-06,37026442.0,17.17,10.38187,152.0686,42.401966,35.99922,25.24887,30.62
2025-06-07,37540093.0,81.74,8.70115,263.5261,56.40781,32.04486,23.03404,27.54
2025-06-08,36198451.0,59.42,8.02485,274.1578,64.122432,32.73887,21.78549,27.26
2025-06-09,37364661.0,80.26,11.55249,46.7754,62.276816,35.42757,22.22119,28.82
2025-06-10,36537920.0,36.64,9.20825,222.7145,59.329424,29.44004,20.35076,24.9
2025-06-11,36768490.0,0.0,9.64626,266.5631,50.588383,32.83678,19.79423,26.32
2025-06-12,36817174.0,0.0,12.90644,261.5105,44.685193,32.46882,20.62046,26.54
2025-06-13,37881020.0,34.92,9.89886,309.6415,63.6428,30.45995,20.58201,25.52
2025-06-14,37279448.0,77.96,9.14933,281.9865,70.948587,32.52669,21.95373,27.24
2025-06-15,35735266.0,85.47,10.43239,74.0883,67.079766,30.64524,21.51376,26.08
2025-06-16,36295425.0,45.01,12.00132,87.6003,47.163457,30.47476,20.38113,25.43
2025-06-17,36615164.0,11.95,8.98488,36.7552,41.404936,36.65761,20.6451,28.65
2025-06-18,37975029.0,90.51,13.61901,156.4689,51.576931,35.89354,26.13242,31.01
2025-06-19,40048420.0,101.32,9.27174,315.7282,81.855906,27.60154,22.28251,24.94
2025-06-20,38264198.0,76.11,11.05213,192.6879,79.594694,28.18281,21.52411,24.85
2025-06-21,36842881.0,71.86,5.86645,176.5982,65.245197,31.47983,21.27274,26.38
2025-06-22,35193803.0,1.42,6.79381,116.8209,57.459399,34.08967,20.86727,27.48
2025-06-23,36850956.0,24.31,7.24367,233.445,55.236981,33.11266,22.46749,27.79
2025-06-24,37253626.0,3.39,6.43734,169.137,53.346577,33.95274,22.70844,28.33
2025-06-25,37253067.0,57.37,7.60677,149.6606,52.251373,33.61422,23.33395,28.47
2025-06-26,39155145.0,101.32,7.12719,194.9079,73.182942,27.93345,21.5062,24.72
2025-06-27,38226068.0,27.93,7.27495,128.5605,77.989379,27.90352,21.13597,24.52
2025-06-28,37238568.0,91.1,7.9541,284.4372,82.376226,29.51299,22.28425,25.9
2025-06-29,35925314.0,101.32,8.24969,126.9215,87.373327,28.14205,23.00536,25.57
2025-06-30,34938414.0,52.24,9.11022,113.4773,81.220134,31.92114,23.34505,27.63
2025-07-01,36196603.0,84.23,9.81932,108.7507,83.3335,31.94487,25.7597,28.85
2025-07-02,36676757.0,69.31,9.88861,150.8377,82.312456,33.96419,25.82683,29.9
2025-07-03,36926184.0,16.93,14.08318,18.7785,72.191401,36.22025,28.37128,32.3
2025-07-04,37297638.0,17.51,11.28322,26.0086,69.883726,37.3323,28.86241,33.1
2025-07-05,36613750.0,30.41,13.16832,36.9557,61.876334,38.19801,29.74763,33.97
2025-07-06,35582270.0,27.44,8.25823,183.42,64.155612,36.11519,27.30075,31.71
2025-07-07,37992065.0,78.35,8.00382,276.4978,75.702827,35.33425,25.56701,30.45
2025-07-08,38551017.0,13.57,8.45128,281.4058,75.130207,34.39124,24.85892,29.63
2025-07-09,39241022.0,4.91,10.06354,296.3659,71.783939,34.32774,26.03128,30.18
2025-07-10,39568452.0,5.46,8.81341,290.2427,68.953023,34.77644,25.8561,30.32
2025-07-11,39590546.0,20.9,8.89188,288.3296,65.284733,34.95849,25.66761,30.31
2025-07-12,39167427.0,7.91,6.63386,251.2537,64.024759,35.32506,25.75637,30.54
2025-07-13,38076597.0,44.54,8.64996,152.9953,62.576784,35.85691,26.47992,31.17
2025-07-14,37888953.0,2.89,10.34029,223.1358,49.632192,34.90018,25.06598,29.98
2025-07-15,40187602.0,93.62,10.16612,263.1706,54.476218,34.28468,24.54116,29.41
2025-07-16,39866479.0,84.17,10.12506,194.0129,76.517311,30.98819,23.94677,27.47
2025-07-17,39022719.0,0.0,7.23173,184.1614,70.123468,32.74911,22.8485,27.8
2025-07-18,39088003.0,17.17,6.45478,252.2164,66.028237,34.02725,23.74731,28.89
2025-07-19,38598110.0,33.12,8.02611,309.7648,64.325501,34.37445,24.74481,29.56
2025-07-20,38149766.0,72.96,10.68817,225.9168,76.057544,33.99188,25.96341,29.98
2025-07-21,39796346.0,73.34,8.6138,249.3904,85.985166,31.26411,25.58229,28.42
2025-07-22,40185333.0,77.67,9.82515,265.7116,86.561363,31.5547,25.62202,28.59
2025-07-23,39880831.0,68.38,10.14222,321.2799,84.884499,32.28708,25.80127,29.04
2025-07-24,39303109.0,0.0,11.8723,296.1542,78.196214,33.75461,26.23151,29.99
2025-07-25,39683767.0,5.46,10.76745,328.0087,76.103959,34.24005,25.96821,30.1
2025-07-26,38744912.0,5.46,9.57741,285.9732,74.331306,34.66146,25.27981,29.97
2025-07-27,37184167.0,10.37,7.81665,294.8998,71.160971,34.84357,25.71707,30.28
2025-07-28,38420158.0,12.54,8.44321,304.3336,69.7523,34.58074,26.31636,30.45
2025-07-29,38476588.0,73.44,9.44052,171.0151,74.206057,34.44314,25.77421,30.11
2025-07-30,38536562.0,29.46,8.10248,237.6875,78.357141,33.11117,25.05243,29.08
2025-07-31,38592036.0,36.75,9.93576,245.8699,77.901243,32.46971,25.21139,28.84
2025-08-01,38856279.0,67.12,8.99859,269.0576,81.970102,31.92428,26.06415,28.99
2025-08-02,38323246.0,33.65,7.35218,285.6736,79.731443,33.47011,26.08065,29.78
2025-08-03,37306249.0,11.47,5.79164,260.5673,77.334332,34.91318,26.27715,30.6
2025-08-04,39202826.0,50.46,6.15793,274.6661,81.040635,32.86959,26.92651,29.9
2025-08-05,39845630.0,84.15,8.59466,133.0273,79.871686,34.56434,26.90659,30.74
2025-08-06,40062763.0,83.36,5.84836,163.6813,83.705891,33.8547,26.85749,30.36
2025-08-07,39591873.0,26.08,6.9256,253.3684,78.74149,34.26211,26.46918,30.37
2025-08-08,40229127.0,75.59,8.03757,297.4696,78.050008,32.89368,25.89432,29.39
2025-08-09,41622920.0,101.32,9.77429,212.9684,86.604671,28.36351,23.61195,25.99
2025-08-10,37640252.0,43.74,6.85798,231.1386,79.832525,30.36214,22.95277,26.66
2025-08-11,38799651.0,33.44,5.98708,201.1307,77.749703,31.61812,23.10308,27.36
2025-08-12,39816627.0,22.63,7.37104,289.1385,76.143355,31.63293,23.05312,27.34
2025-08-13,40910172.0,64.42,5.2747,177.391,79.468134,31.42075,24.1036,27.76
2025-08-14,41630194.0,44.55,7.01327,306.7631,80.368865,31.18137,24.40393,27.79
2025-08-15,41672863.0,76.21,7.88086,299.7237,86.032205,32.10328,25.29873,28.7
2025-08-16,40821933.0,62.23,8.69252,139.735,86.512614,33.59301,25.77294,29.68
2025-08-17,40039602.0,72.76,6.81064,108.201,87.210288,32.12185,25.65461,28.89
2025-08-18,41283379.0,65.43,7.85141,200.3163,84.371331,33.74867,26.23179,29.99
2025-08-19,40878049.0,30.67,11.17907,94.3334,76.700232,34.9222,27.4826,31.2
2025-08-20,40915164.0,26.7,9.88087,73.0664,73.931978,35.12811,27.92225,31.53
2025-08-21,40563066.0,21.25,10.56556,129.2555,74.926493,35.48921,28.1371,31.81
2025-08-22,40342057.0,77.38,7.53486,78.6833,78.405632,35.02189,27.44287,31.23
2025-08-23,40046756.0,66.36,6.79759,276.5422,83.082277,33.92594,25.92428,29.93
2025-08-24,39245581.0,94.83,6.58812,129.5114,84.428701,30.32191,24.36768,27.34
2025-08-25,40794016.0,89.85,7.12157,123.9288,83.533339,30.06133,23.4854,26.77
2025-08-26,40170230.0,55.37,7.78845,240.4014,76.87796,30.64131,22.80505,26.72
2025-08-27,40980079.0,52.94,9.6882,321.8407,78.07014,30.7549,23.66248,27.21
2025-08-28,40698665.0,94.18,8.7578,68.0189,84.456389,32.66018,25.26628,28.96
2025-08-29,39889440.0,76.06,5.97489,225.8127,84.134087,31.79128,24.29939,28.05
2025-08-30,40267737.0,94.24,6.03983,225.7679,86.637267,28.70658,23.75074,26.23
2025-08-31,37417052.0,101.32,6.32668,168.1826,89.529584,26.92091,21.47805,24.2
2025-09-01,34956017.0,61.32,5.65996,167.7215,78.473509,30.55571,20.49036,25.52
2025-09-02,36309369.0,47.68,5.89883,274.0495,77.843471,30.51476,21.52355,26.02
2025-09-03,38317451.0,101.32,5.71508,249.5216,84.917391,27.66557,22.60207,25.13
2025-09-04,39819742.0,55.37,6.49429,231.2502,81.975853,28.84318,21.50083,25.17
2025-09-05,41822739.0,87.12,6.32884,186.7294,86.200747,29.43168,22.90679,26.17
2025-09-06,41402731.0,101.32,7.6434,158.276,83.071386,27.84006,21.78964,24.81
2025-09-07,39117573.0,55.37,5.79436,110.4078,74.873061,30.4087,21.02469,25.72
2025-09-08,42045421.0,94.76,5.28353,90.4777,81.943939,26.64162,21.3238,23.98
2025-09-09,40552953.0,23.73,7.07516,175.3965,75.661072,30.19607,19.81022,25.0
2025-09-10,40502035.0,31.95,6.79329,269.6262,76.480074,29.98779,20.64855,25.32
2025-09-11,41853721.0,71.37,7.1505,295.2845,77.212622,27.77425,20.96772,24.37
2025-09-12,42790970.0,85.52,6.99607,240.6522,81.127919,24.88656,19.74289,22.31
2025-09-13,40603106.0,37.46,5.98214,108.8213,79.403201,28.92953,19.52228,24.23
2025-09-14,39354666.0,15.2,8.10153,17.2957,78.429988,30.99537,21.73467,26.37
2025-09-15,41023800.0,50.3,7.64059,285.1049,82.078164,30.37507,22.53151,26.45
2025-09-16,42463426.0,101.32,9.35507,181.3564,88.894105,28.33605,19.73953,24.04
2025-09-17,40268248.0,101.32,14.15005,200.1871,71.28911,23.38356,16.59341,19.99
2025-09-18,40190029.0,0.0,11.16214,197.2473,73.812904,18.62661,14.35213,16.49
2025-09-19,42267447.0,46.97,6.2214,190.1207,86.727234,16.07256,13.81902,14.95
2025-09-20,38679429.0,32.55,7.10663,142.7925,76.095906,25.1104,13.25951,19.18
2025-09-21,38540611.0,81.74,6.52362,241.8653,74.806856,24.16196,16.00263,20.08
2025-09-22,40790643.0,101.32,7.08709,233.1096,84.338221,20.88617,17.1914,19.04
2025-09-23,41659973.0,101.32,6.75323,193.8658,94.257953,18.94395,16.77974,17.86
2025-09-24,39948399.0,101.32,5.96051,129.0459,85.757382,24.54052,16.22353,20.38
2025-09-25,82640843.0,46.26,5.15799,226.9215,77.628857,27.81744,15.26029,21.54
2025-09-26,40340746.0,68.24,4.52473,229.9554,79.237289,25.66096,17.1335,21.4
2025-09-27,41309560.0,101.32,4.79632,195.7655,83.454041,21.99091,17.93575,19.96
2025-09-28,39846680.0,94.76,6.05894,123.2412,85.285615,23.96556,17.53746,20.75
2025-09-29,37992392.0,38.44,5.67632,74.8079,79.953709,26.66903,18.36613,22.52
2025-09-30,35147991.0,77.59,8.10154,32.8806,77.948146,28.05175,18.77404,23.41
2025-10-01,29118968.0,88.88,7.94137,94.7352,80.708259,27.67359,18.88278,23.28
2025-10-02,29086083.0,101.32,11.83035,252.625,88.268042,20.05595,16.61721,18.34
2025-10-03,28731488.0,39.01,8.40974,217.4522,81.891582,22.28014,17.57636,19.93
2025-10-04,27957799.0,101.32,4.25939,245.5732,87.253572,23.12525,18.34849,20.74
2025-10-05,27776557.0,101.32,5.0103,232.2359,92.49217,21.67786,18.95588,20.32
2025-10-06,24960293.0,81.73,9.724,196.2398,91.542394,20.4395,16.5584,18.5
2025-10-07,29414385.0,60.68,5.87573,174.8555,83.458365,22.14802,16.16382,19.16
2025-10-08,35578850.0,66.96,9.23482,252.6782,84.51763,21.1885,17.22891,19.21
2025-10-09,39245896.0,90.79,11.35264,241.8346,87.906237,19.10873,15.38592,17.25
2025-10-10,41280121.0,80.82,10.30471,193.6006,89.202124,17.41745,14.82662,16.12
2025-10-11,41566742.0,78.24,8.24428,166.963,88.818537,16.73181,13.43266,15.08
2025-10-12,41166760.0,98.43,9.09193,202.1499,90.24096,16.20513,13.58798,14.9
2025-10-13,40297531.0,96.1,6.99008,182.7742,79.651919,18.82585,12.53845,15.68
2025-10-14,39327798.0,0.2479,4.5611,65.5497,95.458,21.7828,15.2771,18.53
2025-10-15,41773137.0,35.0171,3.6438,52.6022,99.3256,18.9961,14.1634,16.58
2025-10-16,40829591.0,5.2291,6.6789,48.9819,97.631,20.184,14.5736,17.38
2025-10-17,42190338.0,101.32,11.00015,208.715,89.051906,16.71888,12.47466,14.6
2025-10-18,40210638.0,26.75,15.04675,206.1494,67.353925,13.38122,8.25277,10.82
2025-10-19,39890768.0,10.22,12.26447,199.4651,65.761213,13.17828,7.01445,10.1
2025-10-20,40736226.0,13.98,10.84891,198.6698,57.769823,11.6546,5.79467,8.72
2025-10-21,40303967.0,2.89,8.6619,201.2415,60.284884,13.62532,5.49179,9.56
2025-10-22,40099985.0,5.46,7.44498,219.7194,62.921366,14.71754,5.07337,9.9
2025-10-23,40466642.0,1.2247,5.8129,26.9755,87.6497,14.736,8.4399,11.59
2025-10-24,40315458.0,20.59,5.83555,234.4086,69.351397,15.64981,8.37177,12.01
2025-10-25,41305819.0,71.37,5.22846,100.0051,79.809412,14.86923,8.77711,11.82
2025-10-26,40159579.0,47.7,8.66244,154.4564,76.852185,14.63304,7.09634,10.86
2025-10-27,39199586.0,4.91,6.2663,228.744,66.939775,15.64842,5.04421,10.35
2025-10-28,40311212.0,26.37,8.05506,166.7841,70.878624,18.01375,7.86011,12.94
2025-10-29,39659346.0,28.56,11.69148,209.4544,68.930297,19.52612,11.27324,15.4
2025-10-30,40987153.0,101.32,5.92712,207.9258,81.470467,18.63094,12.55194,15.59
2025-10-31,40081390.0,83.81,6.89571,144.7715,84.165546,16.90818,10.31253,13.61
2025-11-01,38748560.0,30.5,7.95924,100.0451,73.470467,19.26421,8.70068,13.98
2025-11-02,38120027.0,0.0,10.69889,209.8562,57.246806,14.05272,6.00996,10.03
2025-11-03,39706997.0,0.0,7.68843,282.7092,65.591055,14.78685,4.19879,9.49
2025-11-04,40688084.0,0.0,7.30949,221.5299,72.062802,18.68729,8.01517,13.35
2025-11-05,40413370.0,0.0,6.20825,247.9161,77.736256,18.99793,8.26834,13.63
2025-11-06,40997192.0,9.45,6.69687,271.0679,83.915696,17.18109,9.5634,13.37
2025-11-07,41616210.0,89.01,7.86012,248.3302,86.278658,16.25172,11.82845,14.04
2025-11-08,41426571.0,40.94,6.79232,188.9359,86.243205,14.91429,9.59872,12.26
2025-11-09,39415852.0,0.0,7.38305,146.4002,73.356908,15.77581,6.7577,11.27
2025-11-10,39965527.0,23.79,6.02804,133.8814,57.298312,15.64788,5.08207,10.36
2025-11-11,40463821.0,17.17,4.76932,157.0119,64.284642,17.79131,8.27535,13.03
2025-11-12,40290193.0,0.0,6.15374,47.1974,70.009861,18.36774,6.9801,12.67
2025-11-13,40253002.0,0.0,6.24705,186.4864,65.739984,16.93936,6.57569,11.76
2025-11-14,40430200.0,0.0,6.17467,21.6202,68.558345,18.12248,5.25536,11.69
2025-11-15,39833321.0,41.36,7.98193,71.5916,77.292953,18.94823,9.41099,14.18
2025-11-16,38177921.0,42.53,15.14452,182.4606,61.324082,14.99214,6.33625,10.66
2025-11-17,40368140.0,44.39,14.89665,163.4883,39.955739,5.7902,-0.53048,2.63
2025-11-18,40069780.0,10.23,10.80617,111.0307,44.58062,6.74227,-1.1411,2.8
2025-11-19,39540293.0,0.0,7.93343,64.9655,49.939727,12.36193,0.28729,6.32
2025-11-20,39891636.0,0.0,6.69817,150.1569,58.406607,12.76797,2.00075,7.38
2025-11-21,39264635.0,0.0,5.89331,91.4489,56.639971,14.58673,1.66315,8.12
2025-11-22,38710045.0,0.0,7.67495,42.1684,56.986351,16.16173,3.02574,9.59
2025-11-23,38380088.0,2.89,7.08566,48.4097,55.785762,15.84891,6.93296,11.39
2025-11-24,38826457.0,0.8641,9.3516,320.0571,60.4003,15.0326,1.0664,8.05
